"Title,Author,Published At,Source,URL"
"I chatted to an MIT-built AI version of my future, 60-year-old self and we did NOT get along",jessica.kinghorn@futurenet.com (Jess Kinghorn),2024-11-07T11:35:54Z,PC Gamer,https://www.pcgamer.com/hardware/it-is-on-sight-with-this-ai-chatbot/
Top Halloween films of 2024,Tatat Bunnag,2024-10-29T21:00:00Z,Bangkok Post,https://www.bangkokpost.com/life/arts-and-entertainment/2892753/top-halloween-films-of-2024
Is ‘The Substance’ On Streaming Yet?,Josh Kurp,2024-10-24T15:51:34Z,UPROXX,https://uproxx.com/movies/the-substance-streaming-date/
"Eva Longoria invested $6 million of her own money to save 'John Wick' — and the directors didn't even know,Jason Guerrasio,2024-10-22T20:41:28Z,Business Insider,https://www.businessinsider.com/eva-longoria-producer-john-wick-2024-10"
"Add Ninjago To the List of Live-Action Lego Movies We’re Getting,Justin Carter,2024-11-03T15:30:55Z,Gizmodo.com,https://gizmodo.com/lego-ninjago-live-action-movie-2000519881"
"The Curious Case of Iconic Star Vega’s Missing Planets,Passant Rabie,2024-11-09T13:00:14Z,Gizmodo.com,https://gizmodo.com/the-curious-case-of-iconic-star-vegas-missing-planets-2000520285"
"Oscar-Worthy 2024 Horror Performances: Hugh Grant, Margaret Qualley and More",Jenelleriley2,2024-10-31T16:33:30Z,Variety,https://variety.com/2024/awards/actors/oscar-worthy-2024-horror-performances-1236195685/
"Sasheer Zamata Talks Becoming Agatha All Along’s Final Girl,Justin Carter,2024-11-03T19:25:58Z,Gizmodo.com,https://gizmodo.com/agatha-all-along-sasheer-zamata-2000519884"
Why don’t we have any sympathy for beauty addicts?,Brynn Valentine,2024-10-23T14:12:00Z,Dazed,https://www.dazeddigital.com/beauty/article/64906/1/no-sympathy-for-the-beauty-addict?utm_source=Link&utm_medium=Link&utm_campaign=RSSFeed&utm_term=why-don-t-we-have-any-sympathy-for-beauty-addicts
"Demi Moore Slams U.S. Election: America 'Built On Puritans, Religious Fanatics And Criminals',Marco Margaritoff,2024-11-08T19:53:33Z,HuffPost,https://www.huffpost.com/entry/demi-moore-american-election-puritans-religious-fanatics-criminals_n_672e2785e4b03941587e9f62"
‘The Substance’ Is Now Available to Watch at Home!,John Squires,2024-10-31T18:26:54Z,Bloody Disgusting,https://bloody-disgusting.com/movie/3837992/the-substance-is-now-available-to-watch-at-home/
"Fall's Buzziest New Thriller 'The Substance' Is Already Available To Stream,Chloe Williams​,2024-10-31T15:18:38Z,Brit + Co,https://www.brit.co/the-substance-movie/"
Spooky Sounds for the Socially Anxious,"Sarah Hutto, Phil Knittel, Nick Prueher, Scott Rothman, and Mike Sacks",2024-10-28T17:30:00Z,Mcsweeneys.net,https://www.mcsweeneys.net/articles/spooky-sounds-for-the-socially-anxious
"Alien: Romulus is getting a VHS release,Wes Davis,2024-10-20T15:59:13Z,The Verge,https://www.theverge.com/2024/10/20/24274915/alien-romulus-vhs-limited-edition-collectible-release-date"
"'I never thought I would make it to this stage',,2024-10-23T05:08:59Z,BBC News,https://www.bbc.com/news/articles/c4gq01939y3o"
Scary Movies for Spooky Season,The New Yorker,2024-10-18T10:00:00Z,The New Yorker,https://www.newyorker.com/culture/goings-on/scary-movies-for-spooky-season
‘Victorian Psycho’: Margaret Qualley To Star In New Film From Zach Wigon,Charles Barfield,2024-10-30T15:08:01Z,Theplaylist.net,https://theplaylist.net/victorian-psycho-margaret-qualley-to-star-in-new-film-from-zach-wigon-20241030/
"Barbarian proved word-of-mouth horror hits are still possible — but it’s disappearing from streaming,Tasha Robinson,2024-10-26T06:32:08Z,Polygon,https://www.polygon.com/what-to-watch/470739/barbarian-leaving-streaming-best-horror-2024"
‘Substance’ portrays in fiction whatexists in real world: French filmmaker Coralie Fargeat,The Hills Times,2024-10-31T02:45:00Z,Thehillstimes.in,https://thehillstimes.in/entertainment/substance-portrays-in-fiction-whatexists-in-real-world-french-filmmaker-coralie-fargeat
"Disney Has Shifted an Untitled Star Wars Movie Off Its Upcoming Schedule,Cheryl Eddy,2024-11-15T23:00:21Z,Gizmodo.com,https://gizmodo.com/untitled-star-wars-movie-2026-release-delayed-disney-lucasfilm-2000525347"
"Hysteria!‘s Creator Explains How He Landed That Horror Dream Team Reunion,Cheryl Eddy,2024-10-21T16:30:19Z,Gizmodo.com,https://gizmodo.com/hysterias-creator-explains-how-he-landed-that-horror-dream-team-reunion-2000514460"
"I'm a horror fan who's seen the first 9 'Saw' movies. Here are the 3 you must watch and 6 you should skip.,Amory Rose,2024-10-25T20:58:15Z,Business Insider,https://www.businessinsider.com/saw-best-movies-to-watch-and-skip-2021-10"
"A Guide to Every Upcoming Star Wars Project, Alive or Dead,James Whitbrook,2024-11-08T21:39:57Z,Gizmodo.com,https://gizmodo.com/every-star-wars-film-tv-show-announced-canceled-lucasfilm-disney-2000522180"
"Matthew Lillard Reflects on His Journey to Be a Great Actor,Justin Carter,2024-11-03T21:00:08Z,Gizmodo.com,https://gizmodo.com/matthew-lillard-reflects-on-his-journey-to-be-a-great-actor-2000519992"
[Removed],,2024-10-25T10:15:52Z,[Removed],https://removed.com
"One Of The Best Vampire Games Ever Made Is Less Than $10 Right Now,Willa Rowe,2024-10-23T17:55:00Z,Kotaku,https://kotaku.com/vampyr-halloween-sale-horror-steam-xbox-playstation-1851679589"
"Ridley Scott Is Already Preparing the Next Alien Movie,Gordon Jackson,2024-11-04T14:00:55Z,Gizmodo.com,https://gizmodo.com/ridley-scott-new-alien-movie-romulus-2000520090"
"George Lucas Originally Envisioned a Jedi Twist to End The Phantom Menace,Germain Lussier,2024-10-31T22:45:17Z,Gizmodo.com,https://gizmodo.com/star-wars-phantom-menace-original-ending-twist-jedi-obi-wan-2000519264"
"We Heard a Juicy Rumor About That Secret Predator Movie,Germain Lussier,2024-10-25T17:05:32Z,Gizmodo.com,https://gizmodo.com/secret-predator-movie-dan-trachtenberg-badlands-prey-2000516609"
"Michelle Yeoh’s Star Trek spy movie has a release date,Wes Davis,2024-10-20T22:32:47Z,The Verge,https://www.theverge.com/2024/10/20/24274900/star-trek-section-31-michelle-yeoh-paramount-plus-streaming-premiere-date"
"‘The Substance’ Gets Streaming Release: Here’s How to Watch the Demi Moore Body-Horror Film Online,Atingley4,2024-11-04T19:35:34Z,Variety,https://variety.com/2024/film/news/how-to-watch-the-substance-online-streaming-1236199912/"
"[Removed],,2024-10-23T10:00:46Z,[Removed],https://removed.com"
"Arcane Is Far and Away the Most Expensive Animated Series Ever Made,Isaiah Colbert,2024-11-06T16:15:15Z,Gizmodo.com,https://gizmodo.com/arcane-netflix-most-expensive-animated-series-ever-riot-2000521096"
"Warner Bros. Boss David Zaslav Admits Joker 2 Was ‘Disappointing’,Isaiah Colbert,2024-11-07T18:00:18Z,Gizmodo.com,https://gizmodo.com/warner-bros-boss-david-zaslav-admits-joker-2-was-disappointing-2000521581"
"The Curious Case of John Turturro Not Returning for The Penguin,Germain Lussier,2024-10-23T21:00:54Z,Gizmodo.com,https://gizmodo.com/john-turturro-the-penguin-batman-carmine-falcone-2000515774"
"Disney May Have Found an Incredibly Obvious Choice for Its Live-Action Prince Charming,Gordon Jackson,2024-10-23T18:10:07Z,Gizmodo.com,https://gizmodo.com/disney-may-have-found-an-incredibly-obvious-choice-for-its-live-action-prince-charming-2000515673"
"What to stream: Tyler, the Creator, 'The Substance,' Olivia Rodrigo concert film and 'The Diplomat'",The Associated Press,2024-10-28T04:14:25Z,ABC News,https://abcnews.go.com/Entertainment/wireStory/stream-tyler-creator-substance-olivia-rodrigo-concert-film-115207009
"Meet ZachXBT, the Masked Vigilante Tracking Down Billions in Crypto Scams and Thefts,Andy Greenberg,2024-10-24T09:00:00Z,Wired,https://www.wired.com/story/meet-zachxbt-243-million-crypto-theft/"
"Fans are shocked that Demi Moore’s gory, messed-up horror film is in this Golden Globes category",Sean Mandell,2024-10-23T21:44:50Z,New York Post,https://nypost.com/2024/10/23/entertainment/demi-moores-horror-film-the-substance-submitted-as-comedy-for-golden-globes-shocking-fans/
"How to Stream 'Twisters': Watch the Box Office Hit Sequel From Anywhere,Aaron Pruner,2024-11-15T11:30:03Z,CNET,https://www.cnet.com/tech/services-and-software/how-to-stream-twisters-watch-the-box-office-hit-sequel-from-anywhere/"
"Demi Moore to Be Honored at French Cinematheque Ahead of Coralie Fargeat’s Buzzy ‘The Substance’s’ Local Premiere (EXCLUSIVE),Elskes,2024-11-01T22:51:28Z,Variety,https://variety.com/2024/film/global/demi-moore-the-substance-mubi-french-cinematheque-1236198124/"
"Demi Moore shares her scary look from horror film 'The Substance', says ""Happy Halloween""",ANI,2024-11-01T05:37:51Z,The Times of India,https://timesofindia.indiatimes.com/entertainment/english/hollywood/news/demi-moore-shares-her-scary-look-from-horror-film-the-substance-says-happy-halloween/articleshow/114837381.cms
"Amazon says it ditched plastic air pillows,Justine Calma,2024-10-21T20:01:28Z,The Verge,https://www.theverge.com/2024/10/21/24276049/amazon-plastic-air-pillows-packaging"
"Demi Moore’s Horror Thriller ‘The Substance’ New On Streaming This Week,""Tim Lammers, Contributor, "
"10 Great Horror Films from 2024 (and Where to Watch Them),Brian Tallerico,2024-10-30T13:43:49Z,Rogerebert.com,https://www.rogerebert.com/streaming/10-great-horror-films-from-2024-and-where-to-watch-them"
"Matthew Lillard's career ground to a halt after 'Scooby-Doo 2' flopped: 'I thought I was never going to work again',Caralynn Matassa,2024-10-31T19:19:21Z,Business Insider,https://www.businessinsider.com/matthew-lillard-movie-and-tv-roles-shaggy-scream-2024-10"
"Man made AI indecent child images 'for validation',,2024-10-23T18:09:31Z,BBC News,https://www.bbc.com/news/articles/c170gr4n94wo"
"How Fear the Spotlight became Blumhouse's first video game,Jessica Conditt,2024-10-25T14:00:44Z,Yahoo Entertainment,https://consent.yahoo.com/v2/collectConsent?sessionId=1_cc-session_fa5690ac-07e0-4211-8cf2-1fb4da7a8877"
"Rashida Jones Tearfully Honors Quincy Jones, Hugh Grant Roasts Richard Curtis and More From the 2024 Governors Awards,Clayton Davis,2024-11-18T16:53:36Z,Variety,https://variety.com/2024/film/awards/governors-awards-2024-rashida-quincy-jones-1236212553/"
"[Removed],,2024-10-29T15:32:20Z,[Removed],https://removed.com"
"Nintendo Sure Is Hoping We’ll See the Live-Action Zelda Movie by the End of This Decade,Germain Lussier,2024-11-06T18:00:44Z,Gizmodo.com,https://gizmodo.com/legend-of-zelda-movie-release-date-nintendo-link-wes-ball-2000521171"
"Metro Awakening is the horror game I didn't know I needed,Nicholas Sutrich,2024-11-07T17:15:04Z,Android Central,https://www.androidcentral.com/gaming/virtual-reality/metro-awakening-review"
"Slitterhead review: body-hopping action horror that's best left dispossessed,Ed Thorn,2024-11-04T11:01:00Z,Rock Paper Shotgun,https://www.rockpapershotgun.com/slitterhead-review"
"Cuckoldry, Clocks, and Horror: The Wild History of Our Obsession With the Cuckoo Bird,Ed Cara,2024-10-23T19:35:16Z,Gizmodo.com,https://gizmodo.com/cuckoldry-clocks-and-horror-the-wild-history-of-our-obsession-with-the-cuckoo-bird-2000510651"
"Bloober Team Made Cronos: The New Dawn Sci-Fi to Not Step on the Toes of Silent Hill 2 Remake,Ryan Dinsdale,2024-10-23T15:48:09Z,IGN,https://www.ign.com/articles/bloober-team-made-cronos-the-new-dawn-sci-fi-to-not-step-on-the-toes-of-silent-hill-2-remake"
"The Maw: what's new in PC games this week?,Edwin Evans-Thirlwell,2024-10-28T09:17:32Z,Rock Paper Shotgun,https://www.rockpapershotgun.com/the-maw-whats-new-in-pc-games-this-week-18"
"Watch the Intense Opening of Smile 2 Online—If You Can Grin the Whole Time,Cheryl Eddy,2024-11-04T21:50:52Z,Gizmodo.com,https://gizmodo.com/smile-2-opening-smile-checker-paramount-2000520360"
"Paddington Bear gets a British passport,,2024-10-22T11:39:57Z,BBC News,https://www.bbc.com/news/articles/cx2l2dvvwqno"
"Is the horror movie Heretic about current American politics? The directors say of course it is,Tasha Robinson,2024-11-07T23:20:13Z,Polygon,https://www.polygon.com/horror/476025/heretic-directors-interview-religion-politics-state-of-america"
"The Absolute Best Horror Movies on Hulu,Meara Isenberg,2024-10-21T22:18:26Z,CNET,https://www.cnet.com/tech/services-and-software/the-absolute-best-horror-films-hulu-october-2024/"
The Substance: Demi Moore's Film Locks A Streaming Date,NDTV Movies News Desk,2024-10-25T10:22:37Z,NDTV News,https://www.ndtv.com/entertainment/demi-moores-horror-thriller-the-substance-gets-a-streaming-date-6871081
"‘The Room Next Door’ & ‘Emelia Perez’ Top 2024 European Film Awards Nominations,Gregory Ellwood,2024-11-05T17:50:08Z,Theplaylist.net,https://theplaylist.net/the-room-next-door-emelia-perez-top-2024-european-film-awards-nominations-20241105/"
"Rejoice, We’re Already Getting Another Entry in the ‘Ke Huy Quan Kicks Ass’ Genre,Germain Lussier,2024-10-29T22:30:23Z,Gizmodo.com,https://gizmodo.com/ke-huy-quan-action-movie-fairytale-in-new-york-2000518221"
"What to stream: Tyler, the Creator, 'The Substance,' Olivia Rodrigo concert film and 'The Diplomat'",The Associated Press,2024-10-28T04:06:34Z,ABC News,https://abcnews.go.com/Technology/wireStory/stream-tyler-creator-substance-olivia-rodrigo-concert-film-115207011
"The 25 best new horror movies of 2024 (so far),Caralynn Matassa,2024-11-01T15:32:56Z,Business Insider,https://www.businessinsider.com/best-new-horror-movies-2024"
"Kevin Feige Says Marvel Is Still Committed to Getting Blade Into the MCU,Gordon Jackson,2024-11-12T14:00:03Z,Gizmodo.com,https://gizmodo.com/kevin-feige-blade-marvel-mcu-update-mahershala-ali-2000523295"
Netflix Announces ‘Fear Street 1988: Prom Queen’ for 2025 Release [Poster],Meagan Navarro,2024-10-28T18:22:23Z,Bloody Disgusting,https://bloody-disgusting.com/movie/3837401/netflix-announces-fear-street-1988-prom-queen-for-2025-release/
"Harvey Weinstein Diagnosed with Bone Marrow Cancer, Receiving Treatment Behind Bars: Reports,Escher Walcott,2024-10-22T12:21:13Z,PEOPLE,https://people.com/harvey-weinstein-diagnosed-bone-marrow-cancer-receiving-treatment-prison-8731892"
"When horror hits China, the first instinct is shut it down,,2024-11-12T19:11:22Z,BBC News,https://www.bbc.com/news/articles/cje0z2xppdlo"
"The real life substances: From vampire facials to snake venom serums, six anti-ageing treatments that give the body horror movie a run for its money",Sarah Caden,2024-10-23T01:30:00Z,Independent.ie,https://www.independent.ie/style/beauty/the-real-life-substances-from-vampire-facials-to-snake-venom-serums-six-anti-ageing-treatments-that-give-the-body-horror-movie-a-run-for-its-money/a110871543.html
"Watch Ke Huy Quan as a Unassuming Killer in His First Post-Oscar Film,Germain Lussier,2024-10-22T17:45:58Z,Gizmodo.com,https://gizmodo.com/watch-ke-huy-quan-as-a-unassuming-killer-in-his-first-post-oscar-film-2000515036"
"MOVIES: The Crime is Mine - Review: Whimsically French,Milo MJ,2024-10-28T09:07:00Z,Spoilertv.com,https://www.spoilertv.com/2024/10/movies-crime-is-mine-review-whimsically.html"
"The Best New Movies and TV Streaming in November 2024, and Where to Watch Them,Germain Lussier,2024-11-01T20:30:49Z,Gizmodo.com,https://gizmodo.com/best-new-movies-tv-streaming-november-2024-2000517602"
"‘The Substance’ Director Pulls Film From Camerimage Over Festival Director’s ‘Misogynistic’ Comments,Adam Chitwood,2024-11-15T20:44:37Z,TheWrap,https://www.thewrap.com/the-substance-coralie-fargeat-pulled-from-camerimage-festival/"
"Paramount’s Still Figuring Out How to Handle Mission: Impossible 8,Justin Carter,2024-11-02T14:30:42Z,Gizmodo.com,https://gizmodo.com/mission-possiible-8-paramount-rollout-2000519792"
[Removed],,2024-10-29T15:32:20Z,[Removed],https://removed.com
"New Movies On Streaming: ‘The Substance,’ Joker: Folie á Deux,’ + More",mliss1578,2024-11-01T15:00:00Z,Decider,https://decider.com/2024/11/01/new-movies-on-streaming-the-substance-joker-folie-a-deux-more/
The State Of The Race – Pete Hammond’s Latest Predictions: “It’s Anybody’s Ballgame”,Pete Hammond,2024-11-14T22:53:46Z,Deadline,http://deadline.com/2024/11/pete-hammond-awards-predictions-oscars-bets-picture-actor-actress-news-1236173216/
The Substance: Demi Moore body horror film reaches MUBI streaming service on Halloween,Cody Hamman,2024-10-24T14:02:26Z,JoBlo.com,https://www.joblo.com/the-substance-mubi-2/
"The Best Horror Movies on Prime Video to Watch Around Halloween,Meara Isenberg,2024-10-26T22:37:30Z,CNET,https://www.cnet.com/tech/services-and-software/the-best-horror-films-on-prime-video-october-2024/"
"Netflix’s New Plan Is to Make Movies That Suck Less,Lucas Ropek,2024-10-21T20:35:25Z,Gizmodo.com,https://gizmodo.com/netflixs-new-plan-is-to-make-movies-that-suck-less-2000514553"
"How to Shoot Actors with Arrows Sans CGI,Navarre Bartz,2024-11-04T09:00:41Z,Hackaday,https://hackaday.com/2024/11/04/how-to-shoot-actors-with-arrows-sans-cgi/"
Halloween Week: These 10 Horror Movies Are Releasing in the Final Week of October!,John Squires,2024-10-28T18:56:47Z,Bloody Disgusting,https://bloody-disgusting.com/movie/3837396/halloween-week-these-10-horror-movies-are-releasing-in-the-final-week-of-october/
C&L's Best Horror Movies Of 2024 For Halloween,John Amato,2024-10-31T03:00:01Z,Crooksandliars.com,https://crooksandliars.com/2024/10/cls-best-horror-2024-halloween
"Metal Gear Solid 5’s terrifying first mission is a glimpse into the Kojima Silent Hill game we never got,Toussaint Egan,2024-10-25T21:05:17Z,Polygon,https://www.polygon.com/what-to-play/467950/metal-gear-solid-5-the-phantom-pain-silent-hills-hideo-kojima"
"Chief thought Skripal poisoning could be 'act of war',,2024-10-28T00:03:40Z,BBC News,https://www.bbc.com/news/articles/c170g21jwqgo"
"The Latest Look at Disney’s Live-Action Stitch Will Fill You With Cute Aggression,Cheryl Eddy,2024-11-08T22:20:17Z,Gizmodo.com,https://gizmodo.com/the-latest-look-at-disneys-live-action-stitch-will-fill-you-with-cute-aggression-2000522234"
"10 Best Horror Movies to Watch on Netflix Right Now for Halloween,Abrar Al-Heeti,2024-10-30T12:00:19Z,CNET,https://www.cnet.com/tech/services-and-software/10-best-horror-movies-to-watch-on-netflix-right-now-halloween/"
"Roar in Delight With These New Godzilla Toys,Justin Carter,2024-11-03T17:00:07Z,Gizmodo.com,https://gizmodo.com/roar-in-delight-with-these-new-godzilla-toys-2000518706"
"Rare Discount on LEGO Walt Disney Tribute Camera Returns at Lowest Price for Early Black Friday,Brittany Vincent,2024-10-24T14:14:54Z,Gizmodo.com,https://gizmodo.com/rare-discount-on-lego-walt-disney-tribute-camera-returns-at-lowest-price-for-early-black-friday-2000515965"
The movies are back — and so are disgusted audiences storming out of them,Sean Mandell,2024-10-24T12:46:08Z,New York Post,https://nypost.com/2024/10/24/entertainment/movies-are-back-and-disgusted-audiences-storming-out-too/
"Heretic’s directors unpack its ambiguous ending,Tasha Robinson,2024-11-08T22:53:54Z,Polygon,https://www.polygon.com/horror/476433/heretic-ending-explained-by-directors"
Demi Moore’s ‘The Substance’ Makeup Photos Show Scary Side Of Character,"Tim Lammers, Contributor, 
 Tim Lammers, Contributor
 https://www.forbes.com/sites/timlammers/",2024-11-01T23:54:07Z,Forbes,https://www.forbes.com/sites/timlammers/2024/11/01/demi-moores-the-substance-makeup-photos-show-scary-side-of-character/
"Tax Incentives Aren’t The Only Reason Why ‘The Substance,’ ‘Emilia Pérez’ and ‘The Count of Monte Cristo’ Shot in France",Elskes,2024-11-04T11:32:34Z,Variety,https://variety.com/2024/film/global/the-substance-emilia-perez-the-count-of-monte-cristo-france-tax-incentives-1236199147/
Here Are the Top 10 Halloween Streamers for 2024,"Ethan Alter, Saleah Blancaflor",2024-10-24T10:00:00Z,Adweek,https://www.adweek.com/convergent-tv/top-10-halloween-streamers/
"After The Substance's Release, Demi Moore Got Real About Aging And How The Film 'Pushed' Her Out Of Her Comfort Zone",Ryan LaBee,2024-11-10T22:18:25Z,CinemaBlend,https://www.cinemablend.com/movies/after-the-substance-release-demi-moore-real-about-aging-film-pushed-her-out-of-comfort-zone
"12 best TV shows to stream this Halloween,Anthony Orlando,2024-10-30T17:30:15Z,Digital Trends,https://www.digitaltrends.com/movies/best-tv-shows-to-stream-this-halloween-2024/"
Film Promo Fashion Roundup,zodgory,2024-11-09T17:50:17Z,Livejournal.com,https://ohnotheydidnt.livejournal.com/129521507.html
Drag Race UK star claps back at critics of her Substance Halloween costume: ‘What happened to fun?’,Charlie Duncan,2024-10-29T14:55:32Z,Thepinknews.com,https://www.thepinknews.com/2024/10/29/gay-halloween-sminty-drop-the-substance-monstro-elisasue/
"[Removed],,2024-11-08T13:18:03Z,[Removed],https://removed.com"
"24 Best Movies New to Streaming in November: ‘Deadpool & Wolverine,’ ‘Twisters,’ ‘The Substance,’ ‘Emilia Perez’ and More",Zack Sharf,2024-11-01T21:20:00Z,Variety,https://variety.com/lists/best-movies-streaming-november-2024/
"Is ‘The Substance’ On Streaming Yet?,Josh Kurp,2024-10-24T15:51:34Z,UPROXX,https://uproxx.com/movies/the-substance-streaming-date/"
"In an Early Black Friday Deal, Amazon is Offering $1,200 Off on This Stunning LG 65″ C4 TV,Gizmodo Deals,2024-11-03T15:17:32Z,Gizmodo.com,https://gizmodo.com/in-an-early-black-friday-deal-amazon-is-offering-1200-off-on-this-stunning-lg-65-c4-tv-2000519988"
"Here are some of the best horror board games you can buy right now,Saira Mueller,2024-10-30T16:58:26Z,Polygon,https://www.polygon.com/gift-guide/471994/best-horror-board-games-2024"
When Does 'Landman' Start? Release Date for New Paramount+ Demi Moore Show,Lottie McGrath,2024-11-12T13:54:42Z,Newsweek,https://www.newsweek.com/landman-paramount-demi-moore-release-date-1984348
"Bloody Demi Moore looks disgusting in newly revealed ‘The Substance’ photos,Eric Todisco,2024-10-31T19:42:52Z,New York Post,https://nypost.com/2024/10/31/entertainment/bloody-demi-moore-looks-disgusting-in-new-substance-photos/"
"Tax Incentives Aren’t The Only Reason Why ‘The Substance,’ ‘Emilia Pérez’ and ‘The Count of Monte Cristo’ Shot in France,Elskes,2024-11-04T11:32:34Z,Variety,https://variety.com/2024/film/global/the-substance-emilia-perez-the-count-of-monte-cristo-france-tax-incentives-1236199147/"
"What’s Popular On Streaming Now,Kimberly Ricci,2024-11-03T13:00:30Z,UPROXX,https://uproxx.com/tv/popular-on-streaming-the-substance-lioness-diplomat/"
"Watch Hugh Grant Do The Worst Jar Jar Binks Impression I've Ever Heard,Zack Zwiezen,2024-11-13T22:25:00Z,Kotaku,https://kotaku.com/star-wars-jar-jar-hugh-grant-heretic-impression-clip-1851698047"
"[Removed],,2024-11-10T16:28:12Z,[Removed],https://removed.com"
"[Removed],,2024-11-11T18:24:00Z,[Removed],https://removed.com"
"Jesse Eisenberg, Kieran Culkin Drive ‘A Real Pain’ To Top 3 Limited Opening As Audiences Dig Diverse Indie Slate – Specialty Box Office",jillg366,2024-11-03T19:19:51Z,Deadline,http://deadline.com/2024/11/indie-film-box-office-a-real-pain-anora-conclave-1236165664/
"Fear the Spotlight review: Blumhouse’s lo-fi horror game is imperfect, but sincere,Giovanni Colantonio,2024-10-21T14:00:59Z,Digital Trends,https://www.digitaltrends.com/gaming/fear-the-spotlight-review-nintendo-switch/"
Amy Adams turns into a dog in 'bizarre and brilliant' film,,2024-10-16T17:50:21Z,BBC News,https://www.bbc.com/news/articles/c30l6510g73o
"Take Aim With This Glorious Ultraman Trading Card Art,James Whitbrook,2024-10-20T18:00:02Z,Gizmodo.com,https://gizmodo.com/nycc-2024-ultraman-trading-card-game-wave-2-exclusive-reveal-2000514210"
‘He took the substance’: Why Demi Moore’s Comeback Horror Flick Feels Uniquely Primed for the Internet,"BenWeiss, BenWeiss",2024-10-25T18:00:00Z,Cheezburger.com,https://cheezburger.com/30227207/he-took-the-substance-why-demi-moores-comeback-horror-flick-feels-uniquely-primed-for-the-internet
"A Sinister Nick Frost Elevates Murky Horror Tale Black Cab,Cheryl Eddy,2024-11-08T18:40:00Z,Gizmodo.com,https://gizmodo.com/a-sinister-nick-frost-elevates-murky-horror-tale-black-cab-2000521404"
"‘He took the substance’: Why Demi Moore’s Comeback Horror Flick Feels Uniquely Primed for the Internet,""BenWeiss, BenWeiss"",2024-10-25T18:00:00Z,Cheezburger.com,https://cheezburger.com/30227207/he-took-the-substance-why-demi-moores-comeback-horror-flick-feels-uniquely-primed-for-the-internet"
Is 2024 the Best Year of Horror Movies Yet?,Patrick Cavanaugh,2024-10-23T19:03:45Z,ComicBook.com,http://comicbook.com/movies/news/best-horror-movies-2024-substance-quiet-place-day-one-terrifier/
Here Comes the Sun: Demi Moore and more,CBS News,2024-11-03T08:31:01Z,CBS News,https://www.cbsnews.com/video/here-comes-the-sun-demi-moore-and-more/
"In Dear Santa‘s First Trailer, Satan Is the Reason for the Season,Gordon Jackson,2024-11-07T15:30:30Z,Gizmodo.com,https://gizmodo.com/dear-santa-trailer-jack-black-satan-christmas-movie-2000521565"
"Disney Replaces Blade on Release Schedule with New Predator Movie,Germain Lussier,2024-10-22T16:53:20Z,Gizmodo.com,https://gizmodo.com/blade-release-date-cancel-prey-2-predator-2000515095"
"Jesse Eisenberg and Kieran Culkin Make a Radiantly Generous Duo in A Real Pain,Time,2024-11-01T17:56:25Z,Time,https://time.com/7171395/a-real-pain-review/"
What’s Popular On Streaming Now,Kimberly Ricci,2024-11-03T13:00:30Z,UPROXX,https://uproxx.com/tv/popular-on-streaming-the-substance-lioness-diplomat/
"Doc of Chucky Digs Into (Nearly) Every Detail About the Child’s Play Series,Cheryl Eddy,2024-11-01T00:15:28Z,Gizmodo.com,https://gizmodo.com/doc-of-chucky-digs-into-nearly-every-detail-about-the-childs-play-series-2000518939"
"THE SUBSTANCE NSFW Behind-The-Scenes Photo Features Margaret Qually as ""Monstro Eli-Sue""",MarkCassidy,2024-10-22T23:19:31Z,CBM (Comic Book Movie),https://comicbookmovie.com/horror/the-substance-nsfw-behind-the-scenes-photo-features-margaret-qually-as-monstro-eli-sue-a214104
"A New Take on The Fly Is Coming From a Very Intriguing Director,Cheryl Eddy,2024-11-04T19:10:18Z,Gizmodo.com,https://gizmodo.com/a-new-take-on-the-fly-is-coming-from-a-very-intriguing-director-2000520281"
Kylie Jenner Goes Totally Nude for Striptease Halloween Costume,,2024-11-01T03:49:30Z,Eonline.com,https://www.eonline.com/news/1409400/kylie-jenner-goes-totally-nude-for-halloween-dressed-as-stripteases-demi-moore
Demi Moore Talks Timeliness of ‘The Substance’: ‘There’s a Lot of Fear in America Around the Body’,Harrison Richlin,2024-11-09T20:30:00Z,IndieWire,https://www.indiewire.com/news/general-news/demi-moore-talks-timeliness-the-substance-1235064084/
"Critics say Gladiator II is 'gobsmacking' and 'loopy',,2024-11-11T16:32:18Z,BBC News,https://www.bbc.com/news/articles/c20g5xw0y6wo"
The best smeared make-up moments in arthouse cinema,Violet Piper,2024-11-06T11:46:00Z,Dazed,https://www.dazeddigital.com/beauty/article/65022/1/the-best-smeared-make-up-moments-in-arthouse-cinema?utm_source=Link&utm_medium=Link&utm_campaign=RSSFeed&utm_term=the-best-smeared-make-up-moments-in-arthouse-cinema
"Demi Moore Slams U.S. Election: America 'Built On Puritans, Religious Fanatics And Criminals'",Marco Margaritoff,2024-11-08T19:53:33Z,HuffPost,https://www.huffpost.com/entry/demi-moore-american-election-puritans-religious-fanatics-criminals_n_672e2785e4b03941587e9f62
"Marvel Reveals Deadpool & Wolverine‘s Disney+ Release Date via Literal Toilet Humor,Isaiah Colbert,2024-10-30T14:00:36Z,Gizmodo.com,https://gizmodo.com/deadpool-and-wolverine-streaming-disney-plus-release-date-marvel-2000518301"
"Guillermo Del Toro Praises Demi Moore’s Body Horror Hit ‘The Substance’,""Tim Lammers, Contributor, "
"‘The Substance’ Ending Explained: What That Disgusting, Bloody Finale Means",mliss1578,2024-10-31T20:30:00Z,Decider,https://decider.com/2024/10/31/the-substance-ending-explained-meaning-demi-moore-margaret-qualley-feminist-analysis/
"‘The Substance’ Ending Explained: What That Disgusting, Bloody Finale Means,mliss1578,2024-10-31T20:30:00Z,Decider,https://decider.com/2024/10/31/the-substance-ending-explained-meaning-demi-moore-margaret-qualley-feminist-analysis/"
"IndieWire 2024 Holiday Gift Guide: From Cookbooks to Card Games, All Film and TV Lovers Can Find Something to Cherish,Harrison Richlin,2024-11-14T15:00:37Z,IndieWire,https://www.indiewire.com/gallery/2024-holiday-gift-guide-film-tv-lovers/"
‘The Substance’ Comes Home for Halloween; Here’s How to Watch It,John Squires,2024-10-24T13:14:00Z,Bloody Disgusting,https://bloody-disgusting.com/movie/3837010/the-substance-comes-home-for-halloween-heres-how-to-watch-it/
"Zoe Saldaña Would Do Things Differently With Gamora if Given the Chance,Isaiah Colbert,2024-10-21T22:45:49Z,Gizmodo.com,https://gizmodo.com/zoe-saldana-would-do-things-differently-with-gamora-if-given-the-chance-2000514708"
"What’s the Most Memorably Horrific Terrifier Kill?,By Germain Lussier and Cheryl Eddy,2024-10-30T23:45:03Z,Gizmodo.com,https://gizmodo.com/whats-the-most-memorably-horrific-terrifier-kill-2000518695"
"Demi Moore’s ‘The Substance’ Makeup Photos Show Scary Side Of Character,""Tim Lammers, Contributor, "
"On Its Official Store, Samsung Is Offering -50% on Its OLED TVs For Early Black Friday,Gizmodo Deals,2024-11-09T19:09:06Z,Gizmodo.com,https://gizmodo.com/on-its-official-store-samsung-is-offering-50-on-its-oled-tvs-for-early-black-friday-2000522569"
Soccer Mommy Has Never Gotten This Real Before,Simon Vozick-Levinson,2024-11-01T17:30:00Z,Rolling Stone,http://www.rollingstone.com/music/music-features/soccer-mommy-new-album-evergreen-interview-1235140891/
"You’ll Be Able to Watch Joker 2 at Home Before Halloween,Germain Lussier,2024-10-22T18:41:36Z,Gizmodo.com,https://gizmodo.com/joker-2-home-release-streaming-dc-batman-2000515193"
"‘The Substance’ Comes to Digital, But When Will ‘The Substance’ Be Streaming?,mliss1578,2024-10-28T20:00:00Z,Decider,https://decider.com/2024/10/28/watch-the-substance-streaming-release-date-the-substance-mubi/"
"‘Substance’ portrays in fiction whatexists in real world: French filmmaker Coralie Fargeat,The Hills Times,2024-10-31T02:45:00Z,Thehillstimes.in,https://thehillstimes.in/entertainment/substance-portrays-in-fiction-whatexists-in-real-world-french-filmmaker-coralie-fargeat"
"The Substance, Joker: Folie à Deux, Netflix’s Time Cut, and every movie new to streaming this week,""Toussaint Egan, Petrana Radulovic"",2024-11-01T11:50:46Z,Polygon,https://www.polygon.com/entertainment/469923/new-movies-watch-streaming-the-substance-joker-2-netflix-time-cut"
"Need a Scary Movie to Stream? Here Are 24 of Our Favorites,CNET staff,2024-10-30T15:00:06Z,CNET,https://www.cnet.com/tech/services-and-software/need-a-scary-movie-to-stream-here-are-24-of-our-favorites/"
"Jennifer Lopez, Angelina Jolie, Nicole Kidman & 75+ Celebs Attend the Governors Awards 2024,Just Jared,2024-11-18T04:33:21Z,Just Jared,https://www.justjared.com/2024/11/17/jennifer-lopez-angelina-jolie-nicole-kidman-75-celebs-attend-the-governors-awards-2024/"
"What’s Popular On Streaming Now,Kimberly Ricci,2024-11-10T14:00:16Z,UPROXX,https://uproxx.com/tv/popular-on-streaming-lioness-dont-move-diplomat/"
"'Pack of cigs and a Bic lighter': Are celebs glamourising smoking again?,,2024-11-03T00:32:55Z,BBC News,https://www.bbc.com/news/articles/ce8dy5v1kpno"
"David Fincher’s Next Project May Be in the World of Squid Game,Gordon Jackson,2024-10-28T21:35:19Z,Gizmodo.com,https://gizmodo.com/david-finchers-next-project-may-be-in-the-world-of-squid-game-2000517656"
"Capcom’s Dino Crisis Almost Found a Way to Becoming an Anime,Justin Carter,2024-11-10T17:25:10Z,Gizmodo.com,https://gizmodo.com/dino-crisis-adi-shankar-anime-2000522622"
"Venom: The Last Dance Knows Fans Wanted More Venom and Eddie,Isaiah Colbert,2024-10-24T16:04:27Z,Gizmodo.com,https://gizmodo.com/venom-the-last-dance-knows-fans-wanted-more-venom-and-eddie-2000515973"
"European Film Awards: ‘The Substance’, ‘Emilia Pérez’ & ‘The Girl With The Needle’ Lead Arts & Craft Prizes",Melanie Goodfellow,2024-11-13T10:50:39Z,Deadline,http://deadline.com/2024/11/european-film-awards-arts-crafts-2024-winners-1236175097/
Gotham Nominations Add New Contenders Like ‘Babygirl’ to the Awards Race,Anne Thompson,2024-10-29T18:32:36Z,IndieWire,https://www.indiewire.com/awards/predictions/gotham-nominations-add-new-contenders-awards-race-1235060932/
"Remember When Swamp Thing’s Creators Did Their Own Simpsons Parody?,James Whitbrook,2024-10-30T20:32:01Z,Gizmodo.com,https://gizmodo.com/simpsons-treehouse-of-horror-swamp-thing-comic-len-wein-bernie-wrightson-2000518608"
"Enjoy 83% Off the Never-Expiring MagellanTV Membership for Documentaries as a Better Alternative to Netflix,Joe Tilleli,2024-10-22T20:26:34Z,Gizmodo.com,https://gizmodo.com/enjoy-83-off-the-never-expiring-magellantv-membership-for-documentaries-as-a-better-alternative-to-netflix-2000515280"
How Naomi Scott Became 2024's Greatest Scream Queen in Smile 2,Evan Romano,2024-10-25T18:00:00Z,menshealth.com,https://www.menshealth.com/entertainment/a62705751/smile-2-interview-naomi-scott-skye-riley/
"Stream It Or Skip It: ‘The Substance’ on Mubi and VOD, a New Body-Horror Classic Anchored by a Daring Demi Moore",mliss1578,2024-10-31T19:00:00Z,Decider,https://decider.com/2024/10/31/the-substance-mubi-streaming-movie-review/
"Mufasa’s Final Trailer Brings the Future Band Together,Justin Carter,2024-11-09T19:25:09Z,Gizmodo.com,https://gizmodo.com/mufasa-final-trailer-d23-brazil-2000522515"
"The M4 MacBook Pro Might Be Hiding a Significant Screen Upgrade,Kyle Barr,2024-11-15T15:02:10Z,Gizmodo.com,https://gizmodo.com/the-m4-macbook-pro-might-be-hiding-a-significant-screen-upgrade-2000524997"
"New Horror Movie Heretic Was Inspired by Robert Zemeckis’ Contact,Germain Lussier,2024-11-08T00:00:46Z,Gizmodo.com,https://gizmodo.com/heretic-interview-beck-woods-hugh-grant-contact-movie-2000520464"
"Star Trek: Section 31 Teases Its Mysterious Anti-Heroes,Gordon Jackson,2024-11-07T14:00:59Z,Gizmodo.com,https://gizmodo.com/star-trek-section-31-character-details-michelle-yeoh-2000521472"
"How Researchers Are Using Geospatial Technology to Uncover Mexico's Clandestine Graves,Geraldine Castro,2024-11-01T11:00:00Z,Wired,https://www.wired.com/story/how-researchers-are-using-geospatial-technology-to-uncover-mexicos-clandestine-graves/"
"The problem with the movie version,Seth Godin,2024-11-07T10:03:00Z,Seths.blog,https://seths.blog/2024/11/the-problem-with-the-movie-version/"
Best Horror Movies to See in Theaters This Halloween,Kofi Outlaw,2024-10-30T19:49:32Z,ComicBook.com,http://comicbook.com/horror/news/best-horror-movies-halloween-2024-watch-in-theaters/
"Golden Globes 2025: First Predictions With Movie Musicals, A-List Stars and Hit TV Shows Vying for Recognition",Clayton Davis,2024-11-01T23:50:00Z,Variety,https://variety.com/lists/2025-golden-globes-awards-predictions/
"New 'Star Wars' Trilogy In the Works,BeauHD,2024-11-08T10:00:00Z,Slashdot.org,https://entertainment.slashdot.org/story/24/11/08/0641215/new-star-wars-trilogy-in-the-works"
"Older Demos, Still Elusive, Bless ‘Conclave’ Amid Indie Surge – Specialty Box Office",jillg366,2024-10-27T19:31:05Z,Deadline,http://deadline.com/2024/10/conclave-older-moviegoers-theaters-indie-film-box-office-1236159448/
Review: I Finally Watched THE SUBSTANCE and Holy F#!king Sh!t...,Joey Paur,2024-10-18T22:30:00Z,GeekTyrant,https://geektyrant.com/news/review-i-finally-watched-the-substance-and-holy-fking-sht
"‘It’s The Devil’: The Substance Director Discusses The Long Casting Process For That Creepy, Deep Voice In The Body Horror Movie,Eric Eisenberg,2024-10-31T13:32:53Z,CinemaBlend,https://www.cinemablend.com/interviews/its-the-devil-the-substance-director-discusses-long-casting-process-creepy-deep-voice-body-horror-movie"
"The Substance: Demi Moore body horror film reaches MUBI streaming service on Halloween,Cody Hamman,2024-10-24T14:02:26Z,JoBlo.com,https://www.joblo.com/the-substance-mubi-2/"
"Tom Holland Joins Christopher Nolan’s Next Movie, and We Heard a Great Rumor About It,Germain Lussier,2024-10-21T21:35:52Z,Gizmodo.com,https://gizmodo.com/christopher-nolan-new-movie-plot-tom-holland-imax-2000514765"
New Boutique Distributors Step Up to Meet the Needs of the Independent Film Market,Carolehorst,2024-11-07T17:17:00Z,Variety,https://variety.com/2024/film/news/distributors-independent-film-market-1236200344/
"“Christmas Eve in Miller’s Point” Transcends the Holiday-Movie Genre,Richard Brody,2024-11-08T11:00:00Z,The New Yorker,https://www.newyorker.com/magazine/2024/11/18/christmas-eve-in-millers-point-movie-review"
"Demi Moore Blooms in Textured Floral Chanel Dress at ‘The Substance’ Premiere in Paris,Hannah Malach,2024-11-06T15:00:25Z,WWD,http://wwd.com/pop-culture/celebrity-news/demi-moore-floral-chanel-dress-the-substance-premiere-paris-1236712658/"
"Demi Moore on the U.S. Election: ‘America Is Built on Puritans, Religious Fanatics and Criminals’",Becroll,2024-11-06T02:33:22Z,Variety,https://variety.com/2024/film/global/demi-moore-the-substance-coralie-fargeat-2024-election-1236201891/
"‘The Substance’ Comes to Digital, But When Will ‘The Substance’ Be Streaming?",mliss1578,2024-10-28T20:00:00Z,Decider,https://decider.com/2024/10/28/watch-the-substance-streaming-release-date-the-substance-mubi/
"Nosferatu‘s New Posters Know You Don’t Need to See Him to Be Scary,Isaiah Colbert,2024-10-31T17:50:00Z,Gizmodo.com,https://gizmodo.com/nosferatus-new-posters-know-you-dont-need-to-see-him-to-be-scary-2000518880"
"Ridley Scott Still Wants a Sequel to Alien: Covenant,Gordon Jackson,2024-11-11T14:00:44Z,Gizmodo.com,https://gizmodo.com/alien-covenant-sequel-ridley-scott-michael-fassbender-2000522868"
9 movies where food is the main course,"Scott Hocker, The Week US",2024-10-28T17:20:11Z,The Week Magazine,https://theweek.com/culture-life/film/movies-food-starring-role
"The Substance: Streaming Release Date Revealed For Horror Movie With 91% RT Score (And It's Soon),Brennan Klein,2024-10-24T13:17:07Z,Screen Rant,https://screenrant.com/the-substance-movie-streaming-release-date-confirmed-mubi/"
ELLE’s 2024 Women in Hollywood Issue – Part Two,Lorenzo Marquez,2024-11-15T20:20:11Z,tomandlorenzo.com,https://tomandlorenzo.com/2024/11/elles-2024-women-in-hollywood-issue-part-two/
"Amber Tamblyn Reveals Plastic Surgery Procedure She Had Done at Age 12, Reflects on Her Decision Today",Just Jared,2024-10-21T16:36:01Z,Just Jared,https://www.justjared.com/2024/10/21/amber-tamblyn-reveals-plastic-surgery-procedure-she-had-done-at-age-12-reflects-on-her-decision-today/
"Yet Another Familiar Face Could Return for Scream 7,Gordon Jackson,2024-10-25T13:00:04Z,Gizmodo.com,https://gizmodo.com/scream-7-patrick-dempsey-return-2000516438"
"Top Halloween films of 2024,Tatat Bunnag,2024-10-29T21:00:00Z,Bangkok Post,https://www.bangkokpost.com/life/arts-and-entertainment/2892753/top-halloween-films-of-2024"
The failure of Joker: Folie à Deux is no laughing matter as the musical sequel comes off like a bad joke on PVOD,Steve Seigh,2024-11-06T19:51:12Z,JoBlo.com,https://www.joblo.com/joker-folie-a-deux-pvod/
Demi Moore Shares Bone-Chilling Look at The Substance Transformation,,2024-10-31T21:05:00Z,Eonline.com,https://www.eonline.com/news/1409386/demi-moore-shares-bone-chilling-look-at-transformation-for-her-horror-film
"Chill games for a chill weekend,David Pierce,2024-11-10T13:00:00Z,The Verge,https://www.theverge.com/2024/11/10/24291418/stardew-valley-mario-luigi-brothership-heretic-installer"
"The J-Horror Virus Revisits a Film Movement That’s Still Sparking Nightmares,Cheryl Eddy,2024-11-13T18:55:21Z,Gizmodo.com,https://gizmodo.com/shudder-j-horror-documentary-review-ring-grudge-2000524129"
The Substance: Streaming Release Date Revealed For Horror Movie With 91% RT Score (And It's Soon),Brennan Klein,2024-10-24T13:17:07Z,Screen Rant,https://screenrant.com/the-substance-movie-streaming-release-date-confirmed-mubi/
Let Demi Moore’s Iconic Fashion Give You More Inspiration,,2024-11-11T19:06:47Z,Eonline.com,https://www.eonline.com/news/1409808/let-demi-moores-iconic-fashion-give-you-more-inspiration
"10 Fantasy Movies to Help You Escape Reality Right Now,Cheryl Eddy,2024-11-06T19:45:23Z,Gizmodo.com,https://gizmodo.com/10-fantasy-movies-to-help-you-escape-reality-right-now-2000521177"
[Removed],,2024-10-28T04:01:00Z,[Removed],https://removed.com
"I’ve given up on trying to predict what Nintendo will do — especially when it comes to the Switch 2,Andrew Webster,2024-10-22T15:00:00Z,The Verge,https://www.theverge.com/2024/10/22/24276650/nintendo-switch-2-predictions-playtest-alarmo"
"How Do You Make ‘The Substance’? Start With “a Volcano of Blood”,David Canfield,2024-10-24T13:00:00Z,Vanity Fair,https://www.vanityfair.com/hollywood/story/the-substance-shot-list-coralie-fargeat-awards-insider"
Looks Like European Film Voters Love ‘No Other Land’ but Are Mixed on ‘Hard Truths’,Marcus Jones,2024-11-05T19:15:00Z,IndieWire,https://www.indiewire.com/awards/industry/european-film-awards-bifa-nominations-reveal-oscar-favorites-1235063138/
Demi Moore Goes Pretty in Florals for 'The Substance' Premiere in Paris,Just Jared,2024-11-06T02:17:41Z,Just Jared,https://www.justjared.com/2024/11/05/demi-moore-goes-pretty-in-florals-for-the-substance-premiere-in-paris/
"This What We Do in the Shadows Portrait Is Dead and Out of This World,Cheryl Eddy,2024-10-21T17:00:22Z,Gizmodo.com,https://gizmodo.com/this-what-we-do-in-the-shadows-portrait-is-dead-and-out-of-this-world-2000513383"
"Denis Villeneuve Responds to Quentin Tarantino Refusing to Watch Dune: ‘I Don’t Care’,Isaiah Colbert,2024-11-08T23:25:27Z,Gizmodo.com,https://gizmodo.com/denis-villeneuve-responds-to-quentin-tarantino-refusing-to-watch-dune-i-dont-care-2000522377"
Demi Moore and Rob Lowe 'briefly had a thing',Bethany Minelle,2024-10-25T10:26:00Z,Sky.com,https://news.sky.com/story/demi-moore-and-rob-lowe-briefly-had-a-thing-during-st-elmos-fire-13240938
"After Kylie Jenner Stunningly Channeled Demi Morre's Iconic Striptease Poster, The Actress Responded",Sarah El-Mahmoud,2024-10-31T21:40:10Z,CinemaBlend,https://www.cinemablend.com/movies/kylie-jenner-channeled-demi-morres-iconic-striptease-poster-actress-responded
Where to stream The Substance in Canada,Bradly Shankar,2024-10-26T18:31:37Z,MobileSyrup,https://mobilesyrup.com/2024/10/26/where-to-stream-the-substance-canada/
Halloween-Costume Ideas for the Pop-Culture Super Fan,Mia Mercado,2024-10-17T15:00:16Z,The Cut,http://www.thecut.com/article/2024-halloween-costume-ideas-pop-culture-moo-deng.html
"M. Night Shyamalan’s Trap is a perfect Hitman movie,Toussaint Egan,2024-10-24T21:07:18Z,Polygon,https://www.polygon.com/entertainment/469408/trap-m-night-shyamalan-hitman-josh-hartnett"
"Deadpool & Wolverine Just Got A Disney Plus Streaming Date And It's Not Far Away,Ethan Gach,2024-10-30T19:00:00Z,Kotaku,https://kotaku.com/deadpool-wolverine-just-got-a-disney-plus-streaming-d-1851685637"
"Streaming in Canada on Crave, Disney+, Mubi, Netflix and Prime Video [Oct. 28-Nov. 3],Bradly Shankar,2024-10-28T23:02:28Z,MobileSyrup,https://mobilesyrup.com/2024/10/28/streaming-in-canada-crave-disney-plus-mubi-netflix-prime-video-the-substance/"
"Post-Screening Movie Hype Tweets, Decoded",Nate Jones,2024-10-26T13:00:29Z,Vulture,http://www.vulture.com/article/gladiator-2-early-reviews-decoded.html
Does ‘Gladiator II’ Have a Sword’s Chance at the Oscars?,Azwan Badruzaman,2024-10-25T23:00:00Z,IndieWire,https://www.indiewire.com/features/podcast/gladiator-2-oscar-chances-1235060342/
Katy Perry Named This Grotesque Horror Flick The Best Movie Of 2024,staff@slashfilm.com (Jeremy Smith),2024-11-11T23:43:20Z,/FILM,https://www.slashfilm.com/1710704/katy-perry-best-movie-2024-horror-the-substance/
‘Your Monster’ Review: Melissa Barrera Finds Musical Ways To Scream Her Rage With Help From A Beastly Tommy Dewey,Pete Hammond,2024-10-25T19:37:36Z,Deadline,http://deadline.com/2024/10/your-monster-review-melissa-barrera-finds-musical-ways-to-scream-with-help-from-beastly-tommy-dewey-1236158700/
"Ariana Grande apologises to 'Mistress of the Dark' Elvira,,2024-10-22T09:48:19Z,BBC News,https://www.bbc.com/news/articles/cn5z5l9kngxo"
"Love is a Killer in Heart Eyes’ First Trailer,Justin Carter,2024-11-02T18:50:59Z,Gizmodo.com,https://gizmodo.com/love-is-a-killer-in-heart-eyes-first-trailer-2000519826"
"10 great horror movies to stream on Netflix this Halloween,Anthony Orlando,2024-10-31T12:30:39Z,Digital Trends,https://www.digitaltrends.com/movies/10-best-horror-movies-to-stream-on-netflix-this-halloween-2024/"
"Ryan Reynolds Has Even More Unseen Deadpool & Wolverine Clips and He’s Not Afraid to Use Them,Cheryl Eddy,2024-11-14T23:30:53Z,Gizmodo.com,https://gizmodo.com/ryan-reynolds-has-even-more-unseen-deadpool-wolverine-clips-and-hes-not-afraid-to-use-them-2000524846"
"Elon Musk Accused Of Stealing Blade Runner 2049 Imagery To Sell Teslas In New Lawsuit,Ethan Gach,2024-10-21T19:00:00Z,Kotaku,https://kotaku.com/elon-musk-blade-runner-2049-lawsuit-tesla-cybercab-ai-1851677713"
‘The Substance’ Gets Streaming Release: Here’s How to Watch the Demi Moore Body-Horror Film Online,Atingley4,2024-11-04T19:35:34Z,Variety,https://variety.com/2024/film/news/how-to-watch-the-substance-online-streaming-1236199912/
"Movies Watched, September 2024",Khoi,2024-10-21T00:50:12Z,Subtraction.com,https://www.subtraction.com/2024/10/20/movies-watched-september-2024/
Rob Lowe reveals he ‘briefly had a thing’ with Demi Moore in ‘Brat Pack’ era: ‘Hookups are inevitable’,Whitney Vasquez,2024-10-23T21:21:21Z,New York Post,https://nypost.com/2024/10/23/entertainment/rob-lowe-briefly-had-a-thing-with-demi-moore-in-brat-pack-era/
Demi Moore Slams Election: U.S. ‘Built’ on ‘Religious Fanatics and Criminals’,Charisma Madarang,2024-11-06T04:16:22Z,Rolling Stone,http://www.rollingstone.com/tv-movies/tv-movie-news/demi-moore-election-religious-fanatics-criminals-1235154631/
"24 Best Movies New to Streaming in November: ‘Deadpool & Wolverine,’ ‘Twisters,’ ‘The Substance,’ ‘Emilia Perez’ and More,Zack Sharf,2024-11-01T21:20:00Z,Variety,https://variety.com/lists/best-movies-streaming-november-2024/"
"Residents of a picturesque London street clash with Airbnb after tourists flock to home turned into 'Paddington' film set,Eve Crosbie,2024-11-02T10:47:53Z,Business Insider,https://www.businessinsider.com/london-primrose-hill-residents-clash-airbnb-paddington-house-competition-2024-10"
"After The Substance's Release, Demi Moore Got Real About Aging And How The Film 'Pushed' Her Out Of Her Comfort Zone,Ryan LaBee,2024-11-10T22:18:25Z,CinemaBlend,https://www.cinemablend.com/movies/after-the-substance-release-demi-moore-real-about-aging-film-pushed-her-out-of-comfort-zone"
The Substance is the best body horror of 2024 and it's finally got a streaming date on Mubi,lucy.buglass@futurenet.com (Lucy Buglass),2024-10-25T09:18:32Z,TechRadar,https://www.techradar.com/streaming/the-substance-is-the-best-body-horror-of-2024-and-its-finally-got-a-streaming-date-on-mubi
The 25 best new horror movies of 2024 (so far),Caralynn Matassa,2024-11-01T15:32:56Z,Business Insider,https://www.businessinsider.com/best-new-horror-movies-2024
"The Substance: Demi Moore's Film Locks A Streaming Date,NDTV Movies News Desk,2024-10-25T10:22:37Z,NDTV News,https://www.ndtv.com/entertainment/demi-moores-horror-thriller-the-substance-gets-a-streaming-date-6871081"
"The Substance, Joker: Folie à Deux, Netflix’s Time Cut, and every movie new to streaming this week","Toussaint Egan, Petrana Radulovic",2024-11-01T11:50:46Z,Polygon,https://www.polygon.com/entertainment/469923/new-movies-watch-streaming-the-substance-joker-2-netflix-time-cut
"Smile‘s Director Already Has Ideas For Where Smile 3 Could Go,Gordon Jackson,2024-10-31T13:00:00Z,Gizmodo.com,https://gizmodo.com/smile-3-sequel-ideas-parker-finn-2000518568"
MOVIES: The Crime is Mine - Review: Whimsically French,Milo MJ,2024-10-28T09:07:00Z,Spoilertv.com,https://www.spoilertv.com/2024/10/movies-crime-is-mine-review-whimsically.html
6 Last Minute Costume Ideas for the Extremely Online Food Freak,Francky Knapp,2024-10-24T17:42:07Z,Eater,https://www.eater.com/24277993/easy-food-costume-ideas-halloween-2024
How To Watch The Substance At Home,staff@slashfilm.com (Jeremy Mathai),2024-10-24T14:57:03Z,/FILM,https://www.slashfilm.com/1696546/how-watch-the-substance-at-home/
A New Take on The Fly Is Coming From a Very Intriguing Director,Cheryl Eddy,2024-11-04T19:10:18Z,Gizmodo.com,https://gizmodo.com/a-new-take-on-the-fly-is-coming-from-a-very-intriguing-director-2000520281
"The Netflix Mobile App Will Now Let You Bookmark and Share Scenes With Your Friends,Dua Rashid,2024-10-28T20:24:17Z,Gizmodo.com,https://gizmodo.com/the-netflix-mobile-app-will-now-let-you-bookmark-and-share-scenes-with-your-friends-2000517392"
"Open Channel: What Does Star Wars’ New Saga Look Like to You?,Justin Carter,2024-11-10T19:50:56Z,Gizmodo.com,https://gizmodo.com/star-wars-new-saga-open-channel-2000522626"
"Mike Flanagan to Adapt Stephen King’s Carrie as an 8-Episode Miniseries,Gordon Jackson,2024-10-21T17:45:48Z,Gizmodo.com,https://gizmodo.com/mike-flanagan-to-adapt-stephen-kings-carrie-as-an-8-episode-miniseries-2000514457"
"Colin Farrell Hated Filming That Penguin Finale Scene as Much as You Did Watching It,James Whitbrook,2024-11-12T00:45:19Z,Gizmodo.com,https://gizmodo.com/penguin-season-finale-spoilers-vic-death-colin-farrell-2000523377"
"Looks Like European Film Voters Love ‘No Other Land’ but Are Mixed on ‘Hard Truths’,Marcus Jones,2024-11-05T19:15:00Z,IndieWire,https://www.indiewire.com/awards/industry/european-film-awards-bifa-nominations-reveal-oscar-favorites-1235063138/"
"Surreal Gambling Site Sees Users Bet on Thousands of Dimly Lit and Short-Lived Soccer Matches Every Day,Matthew Gault,2024-10-21T16:15:42Z,Gizmodo.com,https://gizmodo.com/surreal-gambling-site-sees-users-bet-on-thousands-of-dimly-lit-and-short-lived-soccer-matches-every-day-2000514445"
"Classic survival horror is still alive and scaring,Andrew Webster,2024-10-26T15:00:00Z,The Verge,https://www.theverge.com/2024/10/26/24279276/survival-horror-silent-hill-2-fear-the-spotlight"
"I tried Starbucks' green and pink 'Wicked'-themed drinks. I can't stop thinking about the one without coffee.,insider@insider.com (Jamie Davis Smith),2024-10-31T11:55:01Z,Business Insider,https://www.businessinsider.com/starbucks-wicked-drinks-elphaba-cold-brew-glinda-pink-potion-review-2024-10"
"Watch 'Terrifier' and 'Terrifier 2' for Free on These Streaming Services,Meara Isenberg,2024-10-22T14:00:06Z,CNET,https://www.cnet.com/tech/services-and-software/watch-terrifier-and-terrifier-2-for-free-on-these-streaming-services/"
"Retrotechtacular: Computer-Generate Video 1968 Style!,Al Williams,2024-11-09T06:00:31Z,Hackaday,https://hackaday.com/2024/11/08/retrotechtacular-computer-generate-video-1968-style/"
"Gotham Awards Nominations Give ‘Anora,’ ‘Babygirl,’ ‘Nickel Boys’ a Boost",Rebecca Ford,2024-10-29T16:10:00Z,Vanity Fair,https://www.vanityfair.com/hollywood/story/gotham-awards-nominations-anora-babygirl-nickel-boys-awards-insider
"Robert Zemeckis Just Wants to Move You,Stephanie Zacharek,2024-11-01T14:39:09Z,Time,https://time.com/7160896/robert-zemeckis-interview-here/"
"2 New Predator Movies Are Coming in 2025,Germain Lussier,2024-10-24T19:40:29Z,Gizmodo.com,https://gizmodo.com/2-new-predator-movies-are-coming-in-2025-2000516237"
"New Movies On Streaming: ‘The Substance,’ Joker: Folie á Deux,’ + More,mliss1578,2024-11-01T15:00:00Z,Decider,https://decider.com/2024/11/01/new-movies-on-streaming-the-substance-joker-folie-a-deux-more/"
"New Boutique Distributors Step Up to Meet the Needs of the Independent Film Market,Carolehorst,2024-11-07T17:17:00Z,Variety,https://variety.com/2024/film/news/distributors-independent-film-market-1236200344/"
"Interior Chinatown Looks Like a Reality-Blurring Good Time,Cheryl Eddy,2024-10-22T16:15:16Z,Gizmodo.com,https://gizmodo.com/interior-chinatown-looks-like-a-reality-blurring-good-time-2000515040"
"Mission: Impossible —The Final Reckoning‘s Trailer Really Wants You To Know Tom Cruise Is Still That Dude,Isaiah Colbert,2024-11-11T15:00:25Z,Gizmodo.com,https://gizmodo.com/mission-impossible-8-trailer-title-release-date-tom-cruise-final-reckoning-2000522966"
Demi Moore Is Wildly Unrecognizable in Disturbing 'The Substance' Halloween Photos,Kayla Caldwell,2024-10-31T21:13:35Z,Newsweek,https://www.newsweek.com/entertainment/celebrity-news/demi-moore-unrecognizable-disturbing-substance-halloween-photos-1978255
10 Best Irish Horror Movies,Adam Walton,2024-11-09T11:31:15Z,Screen Rant,https://screenrant.com/10-best-irish-horror-movies/
"[Removed],,2024-11-11T00:34:00Z,[Removed],https://removed.com"
"‘Your Monster’ Review: Melissa Barrera Finds Musical Ways To Scream Her Rage With Help From A Beastly Tommy Dewey,Pete Hammond,2024-10-25T19:37:36Z,Deadline,http://deadline.com/2024/10/your-monster-review-melissa-barrera-finds-musical-ways-to-scream-with-help-from-beastly-tommy-dewey-1236158700/"
"The YouTube app on Quest will let you co-watch videos with friends in VR,Jay Peters,2024-11-13T19:30:33Z,The Verge,https://www.theverge.com/2024/11/13/24295635/youtube-meta-quest-app-co-watch-vr"
"Black Mirror Is Surviving Netflix’s Interactive Specials Purge,Cheryl Eddy,2024-11-05T23:35:35Z,Gizmodo.com,https://gizmodo.com/black-mirror-is-surviving-netflixs-interactive-specials-purge-2000520968"
"Nosferatu‘s Take on Count Orlok Sounds Fascinatingly Disgusting,Gordon Jackson,2024-11-12T19:01:22Z,Gizmodo.com,https://gizmodo.com/nosferatus-take-on-count-orlok-sounds-fascinatingly-disgusting-2000523667"
"Disney hits a roadblock with Daisy Ridley's 'Star Wars' movie — the latest project it's had trouble getting off the ground,Eammon Jacobs,2024-10-25T12:05:10Z,Business Insider,https://www.businessinsider.com/disney-star-wars-daisy-ridley-roadblock-project-steven-knight-2024-10"
The 13 Best Movies and TV Shows to Watch This Weekend,Savannah Salazar,2024-11-01T16:37:00Z,Vulture,http://www.vulture.com/article/what-to-watch-this-weekend-best-movies-tv-shows-november-1-3.html
"The Substance streaming: Release date revealed, when and where to watch online",The Feed,2024-10-24T18:39:30Z,The Times of India,https://economictimes.indiatimes.com/news/international/us/the-substance-streaming-release-date-revealed-when-and-where-to-watch-online/articleshow/114558556.cms
"Ryan Reynolds Thinks Gambit Might Have Had His Deadpool Leak Moment,Germain Lussier,2024-11-07T18:45:06Z,Gizmodo.com,https://gizmodo.com/gambit-movie-chances-channing-tatum-deadpool-2000521657"
" https://www.forbes.com/sites/timlammers/"",2024-10-28T01:24:20Z,Forbes,https://www.forbes.com/sites/timlammers/2024/10/27/demi-moores-horror-thriller-the-substance-new-on-streaming-this-week/"
"Finally, a Holocaust Movie With No Lessons,Gal Beckerman,2024-11-01T17:16:00Z,The Atlantic,https://www.theatlantic.com/culture/archive/2024/11/real-pain-holocaust-movie-jesse-eisenberg-kieran-culkin-no-lessons/680490/"
"Post-Screening Movie Hype Tweets, Decoded,Nate Jones,2024-10-26T13:00:29Z,Vulture,http://www.vulture.com/article/gladiator-2-early-reviews-decoded.html"
Demi Moore Opts for Timeless White and Black Capped-Toe Heels at ‘The Substance’ Premiere in Paris,Amina Ayoud,2024-11-06T20:34:05Z,Footwear News,http://footwearnews.com/fashion/celebrity-style/demi-moore-white-black-capped-toe-heels-the-substance-1234728404/
"South Carolina Residents Told to Secure Their Homes After 43 Monkeys Escape Lab,Ed Cara,2024-11-07T17:45:20Z,Gizmodo.com,https://gizmodo.com/south-carolina-residents-told-to-secure-their-homes-after-43-monkeys-escape-lab-2000521629"
"Nintendo expects to sell fewer Switches than planned as new model looms,Steve Dent,2024-11-05T14:00:31Z,Yahoo Entertainment,https://consent.yahoo.com/v2/collectConsent?sessionId=1_cc-session_bde1e20f-b3bb-4cb4-91ed-545851f42474"
"The First Reactions to Nosferatu Call It ‘Pure Evil,’ ‘Erotic,’ and ‘Devilishly Bloody’,Isaiah Colbert,2024-11-08T17:40:33Z,Gizmodo.com,https://gizmodo.com/the-first-reactions-to-nosferatu-call-it-pure-evil-erotic-and-devilishly-bloody-2000522031"
"You Can Now Own Kurt Russell’s Iconic Hat From The Thing (For a Price),Cheryl Eddy,2024-10-30T18:20:30Z,Gizmodo.com,https://gizmodo.com/rare-horror-props-auction-the-thing-chucky-halloween-2000518404"
"Recommended Viewings: “The Substance” by Coralie Fargeat,Staff,2024-10-31T13:00:54Z,Booooooom.com,https://www.booooooom.com/2024/10/31/recommended-viewings-the-substance-by-coralie-fargeat/"
"Leigh Whannell’s Wolf Man Design Was Inspired by Heath Ledger’s Joker,Gordon Jackson,2024-10-21T13:00:23Z,Gizmodo.com,https://gizmodo.com/leigh-whannells-wolf-man-design-was-inspired-by-heath-ledgers-joker-2000514252"
"Good Omens‘ Third and Final Season Is Now… a 90-Minute Special,Cheryl Eddy,2024-10-24T16:23:50Z,Gizmodo.com,https://gizmodo.com/good-omens-third-and-final-season-is-now-a-90-minute-special-2000516119"
"Demi Moore Is Wildly Unrecognizable in Disturbing 'The Substance' Halloween Photos,Kayla Caldwell,2024-10-31T21:13:35Z,Newsweek,https://www.newsweek.com/entertainment/celebrity-news/demi-moore-unrecognizable-disturbing-substance-halloween-photos-1978255"
"The Penguin Could Lead to More Batman Villain Shows,Germain Lussier,2024-10-25T18:45:44Z,Gizmodo.com,https://gizmodo.com/the-penguin-could-lead-to-more-batman-villain-shows-2000516650"
"Mustang Splits In Half In Horror Crash,Steven Symes,2024-10-25T21:30:00Z,Yahoo Entertainment,https://autos.yahoo.com/mustang-splits-half-horror-crash-213000325.html"
"10 Scary New Movies to Stream on Shudder Tonight,Cheryl Eddy,2024-10-25T19:45:05Z,Gizmodo.com,https://gizmodo.com/halloween-best-streaming-horror-shudder-2000516602"
Kylie Jenner goes nude channeling Demi Moore in ‘Striptease’ for Halloween — and Moore loves it: ‘Nailed it’,Sean Mandell,2024-10-31T23:53:58Z,New York Post,https://nypost.com/2024/10/31/entertainment/kylie-jenner-goes-naked-channeling-demi-moore-in-striptease-and-moore-loves-it/
"Not sure what movie to watch? Leave a comment, we’ll help,Pete Volk,2024-11-13T21:45:58Z,Polygon,https://www.polygon.com/entertainment/477990/best-movies-watch-tonight-best-recommendations-streaming"

"‘The Substance’ Director Pulls Film From Festival Over CEO’s ‘Misogynistic’ Comments,Ethan Millman,2024-11-16T00:48:28Z,Rolling Stone,http://www.rollingstone.com/tv-movies/tv-movie-news/the-substance-director-pulls-film-camerimage-festival-1235168881/"
Bloody Demi Moore looks disgusting in newly revealed ‘The Substance’ photos,Eric Todisco,2024-10-31T19:42:52Z,New York Post,https://nypost.com/2024/10/31/entertainment/bloody-demi-moore-looks-disgusting-in-new-substance-photos/
"Daft Punk’s Anime Dreamscape Interstella 5555 Is Coming Back to Theaters For One More Time,James Whitbrook,2024-10-30T16:00:17Z,Gizmodo.com,https://gizmodo.com/daft-punk-discovery-interstella-5555-movie-release-2000518344"
Demi Moore’s Horror Thriller ‘The Substance’ New On Streaming This Week,"Tim Lammers, Contributor, 
 Tim Lammers, Contributor
 https://www.forbes.com/sites/timlammers/",2024-10-28T01:24:20Z,Forbes,https://www.forbes.com/sites/timlammers/2024/10/27/demi-moores-horror-thriller-the-substance-new-on-streaming-this-week/
"Here’s Wassup With That Scary Movie Reboot,Cheryl Eddy,2024-10-29T17:10:54Z,Gizmodo.com,https://gizmodo.com/scary-movie-reboot-wayans-brothers-2000518013"
"Got a Cat Vet Nightmare? We Want to Hear Your Horror Stories,Ed Cara,2024-10-23T16:55:40Z,Gizmodo.com,https://gizmodo.com/got-a-cat-vet-nightmare-we-want-to-hear-your-cat-horror-stories-2000515502"
Fall's Buzziest New Thriller 'The Substance' Is Already Available To Stream,Chloe Williams​,2024-10-31T15:18:38Z,Brit + Co,https://www.brit.co/the-substance-movie/
Are Hallmark's actors too old? Fans fire back after exec allegedly says not to cast 'old people',,2024-10-28T17:38:11Z,CBC News,https://www.cbc.ca/news/entertainment/hallmark-lawsuit-1.7365416
‘Anora’ Leads Nominations for the 2024 Gotham Awards,Steve Pond,2024-10-29T16:10:00Z,TheWrap,https://www.thewrap.com/anora-babygirl-challengers-nickel-boys-gotham-awards-nominees-2024/
"Streaming in Canada on Crave, Disney+, Mubi, Netflix and Prime Video [Oct. 28-Nov. 3]",Bradly Shankar,2024-10-28T23:02:28Z,MobileSyrup,https://mobilesyrup.com/2024/10/28/streaming-in-canada-crave-disney-plus-mubi-netflix-prime-video-the-substance/
Demi Moore to Be Honored at French Cinematheque Ahead of Coralie Fargeat’s Buzzy ‘The Substance’s’ Local Premiere (EXCLUSIVE),Elskes,2024-11-01T22:51:28Z,Variety,https://variety.com/2024/film/global/demi-moore-the-substance-mubi-french-cinematheque-1236198124/
"Rob Lowe Confirms Brief Romance With Demi Moore in the ’80s, Talks About Their Relationship Now",Just Jared,2024-10-24T02:30:53Z,Just Jared,https://www.justjared.com/2024/10/23/rob-lowe-confirms-brief-romance-with-demi-moore-in-the-80s-talks-about-their-relationship-now/
Demi Moore says close-up shot of her behind ‘bugs the s--- out of me’ in new movie,Caroline Thayer,2024-11-14T19:48:06Z,Fox News,https://www.foxnews.com/entertainment/demi-moore-says-close-up-shot-butt-bugs-s-t-out-new-movie
"Nicholas Hoult Learned He Probably Wouldn’t Be the Next Batman on the Radio,Gordon Jackson,2024-11-08T16:50:12Z,Gizmodo.com,https://gizmodo.com/nicholas-hoult-learned-he-probably-wouldnt-be-the-next-batman-on-the-radio-2000522037"
"The Callisto Protocol’s first spinoff is a strange, fun Hades clone,Giovanni Colantonio,2024-10-28T04:00:34Z,Digital Trends,https://www.digitaltrends.com/gaming/redacted-hands-on-impressions-pc-steam-deck/"
"Gladiator II Is Escalating the Popcorn Bucket Arms Race,Germain Lussier,2024-10-23T22:30:37Z,Gizmodo.com,https://gizmodo.com/gladiator-ii-popcorn-bucket-dune-2-deadpool-wolverine-2000515835"
Demi Moore in Chanel Couture at THE SUBSTANCE Paris Premiere: IN or OUT?,Lorenzo Marquez,2024-11-07T19:00:49Z,tomandlorenzo.com,https://tomandlorenzo.com/2024/11/demi-moore-in-chanel-couture-at-the-substance-paris-premiere-in-or-out/
10 Best Horror Movies Released This Year (Ranked),Haiden Lovely,2024-10-24T11:53:43Z,The Escapist,https://www.escapistmagazine.com/best-horror-movies-released-this-year/
"We Almost Got a Seven of Nine Spinoff After Star Trek: Picard,Gordon Jackson,2024-11-06T15:00:43Z,Gizmodo.com,https://gizmodo.com/jeri-ryan-star-trek-seven-of-nine-spinoff-legacy-2000520959"
"One chart shows how Hollywood is losing its grip on TV and movies,Lucia Moses,2024-10-23T12:59:01Z,Business Insider,https://www.businessinsider.com/hollywood-losing-dominance-tv-movies-employment-chart-2024-10"
"Teri Garr, actor, comedian and multiple sclerosis ambassador, dies at 79,Tanya Ballard Brown,2024-10-29T18:13:12Z,NPR,https://www.npr.org/2024/10/29/850826324/teri-garr-dead"
"Coralie Fargeat Pulls ‘The Substance’ from Camerimage Film Festival,Harrison Richlin,2024-11-15T20:58:04Z,IndieWire,https://www.indiewire.com/news/breaking-news/coralie-fargeat-the-substance-camerimage-1235066360/"
"Jubilation in the room as Trump declared victory,,2024-11-06T10:51:55Z,BBC News,https://www.bbc.com/news/articles/czxreenxvw5o"
‘Smile 2’ Review: An Intense Naomi Scott Takes On Sequel To 2022 Horror Hit That Just Feels Like More Of The Same,Pete Hammond,2024-10-16T13:00:00Z,Deadline,http://deadline.com/2024/10/smile-2-review-intense-naomi-scott-sequel-2022-horror-hit-1236117263/
" Tim Lammers, Contributor"
What Is The Best Horror Movie Of 2024 So Far?,Josh Kurp,2024-10-17T13:45:25Z,UPROXX,https://uproxx.com/movies/best-horror-movie-of-2024-so-far-terrifier-substance-strange-darling/
"Demi Moore on 'The Substance' Mania, “Scary” Oscar Buzz, and Keeping That Yellow Coat",David Canfield,2024-11-12T14:35:17Z,Vanity Fair,https://www.vanityfair.com/hollywood/demi-moore-the-substance-little-gold-men-awards-insider
"Demi Moore Opts for Timeless White and Black Capped-Toe Heels at ‘The Substance’ Premiere in Paris,Amina Ayoud,2024-11-06T20:34:05Z,Footwear News,http://footwearnews.com/fashion/celebrity-style/demi-moore-white-black-capped-toe-heels-the-substance-1234728404/"
Decision Room 2024: Team Moo Deng or Team Haggis?,Matt Novak,2024-11-04T21:30:07Z,Gizmodo.com,https://gizmodo.com/decision-room-2024-team-moo-deng-or-team-haggis-2000520331
‘Anora’ review: This improbable fairy tale is a ‘Pretty Woman’ for our time,Michael Phillips,2024-10-28T20:27:18Z,Boston Herald,https://www.bostonherald.com/2024/10/28/anora-review-improbable-fairy-tale-is-a-pretty-woman-for-our-time/
"How Much of the New Lord of the Rings Movie Comes From Tolkien?,James Whitbrook,2024-11-06T20:45:14Z,Gizmodo.com,https://gizmodo.com/war-of-the-rohirrim-setting-characters-explained-tolkien-lotr-2000521209"
"Demi Moore, Denis Villeneuve, Malcolm Washington, and Jason Reitman Set for SFFILM Honors",Ryan Lattanzio,2024-11-14T13:00:00Z,IndieWire,https://www.indiewire.com/news/general-news/demi-moore-denis-villeneuve-more-set-sffilm-awards-1235065339/
"OMG, WATCH: Demi Moore talks about her career from ‘Ghost’ to ‘The Substance’",Igor,2024-11-07T19:46:36Z,Omg.blog,https://omg.blog/demi-moore-talks-about-her-career-from-ghost-to-the-substance/
"Demi Moore Slams Election: U.S. ‘Built’ on ‘Religious Fanatics and Criminals’,Charisma Madarang,2024-11-06T04:16:22Z,Rolling Stone,http://www.rollingstone.com/tv-movies/tv-movie-news/demi-moore-election-religious-fanatics-criminals-1235154631/"
"Jeri Taylor, Co-Creator of Star Trek: Voyager, Dies at 86,Justin Carter,2024-10-26T14:30:17Z,Gizmodo.com,https://gizmodo.com/obituary-jeri-taylor-star-trek-voyager-2000516878"
Demi Moore's 'The Substance' Enters Golden Globes As Musical/Comedy,Scott Feinberg,2024-10-21T23:22:47Z,Hollywood Reporter,http://www.hollywoodreporter.com/movies/movie-news/golden-globes-demi-moore-the-substance-musical-comedy-exclusive-1236040702/
"Updates From Andor Season 2, and More,Gordon Jackson,2024-11-15T14:00:28Z,Gizmodo.com,https://gizmodo.com/andor-season-2-empire-cover-story-krennic-new-images-2000524819"
"You need an RPG to get through this year,Chris Plante,2024-11-06T21:42:52Z,Polygon,https://www.polygon.com/editors-letter/475209/2024-best-rpgs-to-play-right-now"
"Demi Moore Goes Pretty in Florals for 'The Substance' Premiere in Paris,Just Jared,2024-11-06T02:17:41Z,Just Jared,https://www.justjared.com/2024/11/05/demi-moore-goes-pretty-in-florals-for-the-substance-premiere-in-paris/"
"This overlooked 1999 movie is the closest Martin Scorsese ever got to making a horror film,Joe Allen,2024-10-28T13:00:31Z,Digital Trends,https://www.digitaltrends.com/movies/bringing-out-the-dead-overlooked-as-a-horror-movie/"
"Valencia floods aftermath 'like a disaster movie',,2024-10-31T09:33:57Z,BBC News,https://www.bbc.com/news/videos/c80l54vd7ezo"
"Blade Runner 2049 producer sues Elon Musk for image used in Cybercab launch,Mariella Moon,2024-10-22T12:00:48Z,Yahoo Entertainment,https://consent.yahoo.com/v2/collectConsent?sessionId=1_cc-session_0b877ae6-74d4-4a87-a926-ace1decc0ef7"
"'Candyman' star Tony Todd dies at 69,Chloe Veltman,2024-11-09T19:33:02Z,NPR,https://www.npr.org/2024/11/09/nx-s1-5185232/candyman-actor-tony-todd-dies"
"‘The Substance’ Director Coralie Fargeat Pulls Film From Camerimage Following Festival Head’s Comments About Women,Katcy Stephan,2024-11-15T20:29:00Z,Variety,https://variety.com/2024/film/news/the-substance-coralie-fargeat-camerimage-festival-1236211732/"
"Nobody Can Rent Twister, the Last DVD Trapped in Redbox’s Dead Video Business,Lucas Ropek,2024-10-25T20:30:22Z,Gizmodo.com,https://gizmodo.com/nobody-can-rent-twister-the-last-dvd-trapped-in-redboxs-dead-video-business-2000516681"
[Removed],,2024-11-10T16:28:12Z,[Removed],https://removed.com
“Substance” Aims For Best Comedy Awards,Garth Franklin,2024-10-21T23:43:11Z,Dark Horizons,https://www.darkhorizons.com/substance-aims-for-best-comedy-awards/
"Demi Moore on the U.S. Election: ‘America Is Built on Puritans, Religious Fanatics and Criminals’,Becroll,2024-11-06T02:33:22Z,Variety,https://variety.com/2024/film/global/demi-moore-the-substance-coralie-fargeat-2024-election-1236201891/"
"[Removed],,2024-11-11T12:16:30Z,[Removed],https://removed.com"
"The best last-minute Halloween costume is also the hippest, thanks to The Substance,Matt Patches,2024-10-28T20:58:05Z,Polygon,https://www.polygon.com/horror/471280/best-last-minute-halloween-costume-2024-the-substance-mask"
"Alien: Romulus Slithers Onto Hulu and Disney+ Just Ahead of Thanksgiving,Cheryl Eddy,2024-11-07T23:15:50Z,Gizmodo.com,https://gizmodo.com/alien-romulus-slithers-onto-hulu-and-disney-just-ahead-of-thanksgiving-2000521715"
"The Wild Robot‘s Creators Reveal the Secret Behind the Film’s Best Scene,Germain Lussier,2024-10-24T21:40:24Z,Gizmodo.com,https://gizmodo.com/the-wild-robots-creators-reveal-the-secret-behind-the-films-best-scene-2000516184"
"3 new PS Plus games to check out this weekend (October 25-27),Tomas Franzese,2024-10-25T14:00:13Z,Digital Trends,https://www.digitaltrends.com/gaming/ps-plus-new-game-recommendations-october-25/"
"The Substance Might Not Be For Everyone, But I Want To Talk About The Visceral Self Love Message That's Still Giving Me Chills,Sarah El-Mahmoud,2024-10-26T15:04:00Z,CinemaBlend,https://www.cinemablend.com/movies/the-substance-might-not-be-for-everyone-but-i-want-to-talk-about-visceral-self-love-message-still-giving-me-chills"
"Stop! And watch these 3 great movies leaving Netflix by November 1,Dan Girolamo,2024-10-28T12:00:50Z,Digital Trends,https://www.digitaltrends.com/movies/watch-movies-leaving-netflix-by-november-1-2024/"
"The 20 Most Frightening Found Footage Films Of The Past 25 Years,Caroline Madden,2024-10-31T13:15:00Z,Kotaku,https://kotaku.com/found-footage-films-blair-witch-paranormal-activity-1851685518"
[Removed],,2024-10-22T20:28:40Z,[Removed],https://removed.com
"Star Wars Rey Movie Keeps Loosing Writers,Ethan Gach,2024-10-25T14:00:00Z,Kotaku,https://kotaku.com/star-wars-rey-daisy-ridley-jedi-order-release-date-1851681311"
"Katy Perry Named This Grotesque Horror Flick The Best Movie Of 2024,staff@slashfilm.com (Jeremy Smith),2024-11-11T23:43:20Z,/FILM,https://www.slashfilm.com/1710704/katy-perry-best-movie-2024-horror-the-substance/"
"'Smile 2' has a brutal ending that blows the horror franchise's potential future wide open,Caralynn Matassa,2024-10-23T22:07:32Z,Business Insider,https://www.businessinsider.com/smile-2-ending-explained-2024-10"
"Secure the Sony S100F Soundbar for Just Under $100 Before the Black Friday Rush,Joe Tilleli,2024-10-23T20:13:04Z,Gizmodo.com,https://gizmodo.com/secure-the-sony-s100f-soundbar-for-just-under-100-before-the-black-friday-rush-2000515750"
"Disney Hopes to Replace Bob Iger as CEO in 2026,Gordon Jackson,2024-10-21T14:37:23Z,Gizmodo.com,https://gizmodo.com/disney-hopes-to-replace-bob-iger-as-ceo-in-2026-2000514344"
"In the Vatican Movie Conclave, Big Secrets Are Revealed. Here Are Three Real Life Papal Conclaves Marked by Controversy,Olivia B. Waxman,2024-10-25T16:31:07Z,Time,https://time.com/7098621/real-life-papal-conclave-controversies/"
Guillermo Del Toro Praises Demi Moore’s Body Horror Hit ‘The Substance’,"Tim Lammers, Contributor, 
 Tim Lammers, Contributor
 https://www.forbes.com/sites/timlammers/",2024-11-04T01:57:02Z,Forbes,https://www.forbes.com/sites/timlammers/2024/11/03/guillermo-del-toro-praises-demi-moores-body-horror-hit-the-substance/
'It's Not Sexualised Nudity',ASEEM CHHABRA,2024-10-16T09:12:21Z,Rediff.com,https://www.rediff.com/movies/report/its-not-sexualised-nudity/20241016.htm
"‘It’s The Devil’: The Substance Director Discusses The Long Casting Process For That Creepy, Deep Voice In The Body Horror Movie",Eric Eisenberg,2024-10-31T13:32:53Z,CinemaBlend,https://www.cinemablend.com/interviews/its-the-devil-the-substance-director-discusses-long-casting-process-creepy-deep-voice-body-horror-movie
"Don’t Hold Your Breath for John Wick 5,Isaiah Colbert,2024-10-22T23:45:37Z,Gizmodo.com,https://gizmodo.com/dont-hold-your-breath-for-john-wick-5-2000515334"
"Escape Planet Earth With These 10 Streaming Sci-Fi Films,Cheryl Eddy,2024-11-04T23:30:55Z,Gizmodo.com,https://gizmodo.com/best-space-movies-streaming-netflix-max-prime-video-2000520245"
Smile Because It Happened,Joe Reid,2024-10-22T20:45:38Z,Vulture,http://www.vulture.com/article/smile-2-box-office-movies-league-newsletter.html
"Best Horror Movies to See in Theaters This Halloween,Kofi Outlaw,2024-10-30T19:49:32Z,ComicBook.com,http://comicbook.com/horror/news/best-horror-movies-halloween-2024-watch-in-theaters/"
"Looking for Free Horror Movies? Tubi Has 22 of the Best,Peter Butler,2024-10-22T20:15:05Z,CNET,https://www.cnet.com/tech/services-and-software/looking-for-free-horror-movies-tubi-has-22-of-the-best/"
"[Removed],,2024-10-30T12:30:08Z,[Removed],https://removed.com"
"Nikon’s entry-level Z50II adds a dedicated button for color styles,Andrew Liszewski,2024-11-07T15:03:51Z,The Verge,https://www.theverge.com/2024/11/7/24289897/nikon-z50ii-digital-camera-crop-sensor-mirrorless-aps-c"
"Transformers One Is Now on Digital and We’ve Got an Exclusive Clip,Germain Lussier,2024-10-22T15:00:13Z,Gizmodo.com,https://gizmodo.com/transformers-one-home-release-date-cybertron-2000514447"
Golden Globes 2025: Top Dramas or Musical/Comedies Contenders,Scott Feinberg,2024-10-17T17:37:44Z,Hollywood Reporter,http://www.hollywoodreporter.com/movies/movie-news/golden-globes-2025-dramas-musical-comedies-contenders-1236032571/
"Count Down to Halloween With These 10 Scary Hulu and Disney+ Movies,Cheryl Eddy,2024-10-28T22:44:26Z,Gizmodo.com,https://gizmodo.com/halloween-best-streaming-horror-hulu-disney-plus-2000517558"
"With Heretic, directors Scott Beck and Bryan Woods want to scare the hell out of you,Dan Girolamo,2024-11-09T18:00:29Z,Digital Trends,https://www.digitaltrends.com/movies/heretic-scott-beck-bryan-woods-interview-religious-horror-movie/"
"Celebrated teacher abused boys over four decades,,2024-11-11T17:11:07Z,BBC News,https://www.bbc.com/news/articles/c79zq74n5dxo"
"Netflix’s deal with Universal will add more live-action films,Emma Roth,2024-10-29T18:07:17Z,The Verge,https://www.theverge.com/2024/10/29/24282823/netflix-licensing-deal-universal-films-live-action-animation"
Nikyatu Jusu Developing Film In Universe Of David Cronenberg’s ‘The Fly’ For 20th Century Studios,matthewgrobar,2024-11-04T18:03:36Z,Deadline,http://deadline.com/2024/11/the-fly-movie-nikyatu-jusu-in-works-20th-century-studios-1236166549/
"Halloween 2024 week: Movies, shows to watch on Netflix, Disney+, MAX, Peacock",The Feed,2024-10-28T18:54:50Z,The Times of India,https://economictimes.indiatimes.com/news/international/us/halloween-2024-week-movies-shows-to-watch-on-netflix-disney-max-peacock/articleshow/114704353.cms
"The Purge: Election Year Is Still an Uncomfortably Timely Watch,Cheryl Eddy,2024-11-05T18:10:15Z,Gizmodo.com,https://gizmodo.com/purge-election-year-retrospective-trump-harris-2024-2000520737"
"Terrifier 3‘s Journey to the Big Screen Was Shockingly Unique,Germain Lussier,2024-10-21T18:45:02Z,Gizmodo.com,https://gizmodo.com/terrifier-3-behind-the-scenes-art-the-clown-2000513440"
"The Witcher Is Recasting Another Big Character,Gordon Jackson,2024-10-24T13:00:03Z,Gizmodo.com,https://gizmodo.com/netflix-witcher-season-4-vesemir-recast-kim-bodnia-2000515879"
" https://www.forbes.com/sites/timlammers/"",2024-10-24T16:02:06Z,Forbes,https://www.forbes.com/sites/timlammers/2024/10/24/demi-moores-body-horror-thriller-the-substance-gets-streaming-date/"
10 Great Horror Films from 2024 (and Where to Watch Them),Brian Tallerico,2024-10-30T13:43:49Z,Rogerebert.com,https://www.rogerebert.com/streaming/10-great-horror-films-from-2024-and-where-to-watch-them
"Venom: The Last Dance Doesn’t Quite Stick the Landing,Germain Lussier,2024-10-23T19:00:05Z,Gizmodo.com,https://gizmodo.com/venom-3-review-the-last-dance-tom-hardy-marvel-2000515392"
"Avatar 3’s Gorgeous Concept Art Teases More of Pandora’s Beauty,Justin Carter,2024-11-10T15:30:08Z,Gizmodo.com,https://gizmodo.com/avatar-fire-ash-art-2000522608"
"Demi Moore's The Substance Earned All My Adoration By Giving Me Something I Rarely Experience As A Horror Fan,Nick Venable,2024-11-18T01:15:00Z,CinemaBlend,https://www.cinemablend.com/movies/demi-moore-the-substance-earned-my-adoration-giving-me-rare-experience-as-horror-fan"
New Horror Movies Streaming This Week for Halloween 2024,Cameron Bonomolo,2024-10-28T23:45:26Z,ComicBook.com,http://comicbook.com/horror/news/new-horror-movies-streaming-free-halloween-2024/
"Where to stream The Substance in Canada,Bradly Shankar,2024-10-26T18:31:37Z,MobileSyrup,https://mobilesyrup.com/2024/10/26/where-to-stream-the-substance-canada/"
Demi Moore on the Cover of Elle,ivn,2024-11-15T07:49:47Z,Livejournal.com,https://ohnotheydidnt.livejournal.com/129557248.html
James Wan Recommends His 15 Favorite Vampire Movies,John Squires,2024-10-28T23:25:44Z,Bloody Disgusting,https://bloody-disgusting.com/movie/3837469/james-wan-recommends-his-15-favorite-vampire-movies/
Are Demi Moore and Michelle Yeoh’s Bold Choices Changing the Rules for Actresses of a Certain Age?,Sharon Knolle,2024-10-16T13:00:00Z,TheWrap,https://www.thewrap.com/demi-moore-the-substance-michelle-yeoh-women-aging-in-hollywood/
Review: The Substance Is A Powerful Parable That Pulls No Punches,Saibal Chatterjee,2024-10-31T03:06:24Z,NDTV News,https://www.ndtv.com/entertainment/the-substance-review-a-powerful-parable-that-pulls-no-punches-4-stars-6912499
"The Substance Might Not Be For Everyone, But I Want To Talk About The Visceral Self Love Message That's Still Giving Me Chills",Sarah El-Mahmoud,2024-10-26T15:04:00Z,CinemaBlend,https://www.cinemablend.com/movies/the-substance-might-not-be-for-everyone-but-i-want-to-talk-about-visceral-self-love-message-still-giving-me-chills
爛番茄90趴！黛咪摩爾全裸入鏡　挑戰容貌焦慮驚悚極限,,2024-10-17T02:04:00Z,Yahoo Entertainment,https://consent.yahoo.com/v2/collectConsent?sessionId=1_cc-session_a16a2f77-24ee-4eab-9a8f-3f0eef3214be
" https://www.forbes.com/sites/timlammers/"",2024-11-01T23:54:07Z,Forbes,https://www.forbes.com/sites/timlammers/2024/11/01/demi-moores-the-substance-makeup-photos-show-scary-side-of-character/"
"C&L's Best Horror Movies Of 2024 For Halloween,John Amato,2024-10-31T03:00:01Z,Crooksandliars.com,https://crooksandliars.com/2024/10/cls-best-horror-2024-halloween"
‘The Substance’ Is Now Streaming: Where to Watch the Gory Thriller for Free,Jonathan Zavaleta,2024-10-31T19:18:09Z,Rolling Stone,http://www.rollingstone.com/product-recommendations/lifestyle/the-substance-demi-moore-streaming-1235149084/
"Cinema day celebration 2024: Discounted movies today with €2 tickets,Electra Delavogia,2024-10-31T14:06:38Z,Protothema.gr,https://en.protothema.gr/2024/10/31/cinema-day-celebration-2024-discounted-movies-today-with-e2-tickets/"
"Terrible Borderlands Movie Still Helped Sell More Games,Ethan Gach,2024-11-07T15:50:00Z,Kotaku,https://kotaku.com/borderlands-4-movie-sequel-sales-box-office-1851691830"
"James Gunn Says Joker Isn’t The Batman Saga’s Next TV Star,Justin Carter,2024-11-09T16:30:25Z,Gizmodo.com,https://gizmodo.com/joker-tv-rumors-james-gunn-2000522431"
"‘It Was Already Determined That You Should Look Like S–t’: Demi Moore Recalls Public’s Reaction To Her Wearing A Bikini At 40 In A Charlie’s Angels Movie,Sarah El-Mahmoud,2024-11-16T19:02:40Z,CinemaBlend,https://www.cinemablend.com/movies/demi-moore-recalls-public-reaction-her-wearing-bikini-at-40-charlies-angels"
[Removed],,2024-11-12T11:00:02Z,[Removed],https://removed.com
"Alan Wake 2: The Lake House Is A Great Expansion About The Horrors Of AI Art,Willa Rowe,2024-10-31T20:10:00Z,Kotaku,https://kotaku.com/alan-wake-2-the-lake-house-is-a-great-expansion-about-1851686823"
"Don't Worry -- It's Just a Dream. Learn Why You're Having Nightmares,Steph Panecasio,2024-10-31T16:00:00Z,CNET,https://www.cnet.com/health/sleep/heres-why-youre-having-nightmares/"
"Camerimage Founded to Honor Those ‘Who Are Overlooked’ Says Festival Director at Opening Ceremony,Carolyn Giardina,2024-11-16T16:41:41Z,Variety,https://variety.com/2024/film/news/camerimage-opening-ceremony-1236212145/"
"Peter Todd Is in Hiding After a Documentary Named Him as Bitcoin’s Creator,Matthew Gault,2024-10-22T15:45:38Z,Gizmodo.com,https://gizmodo.com/peter-todd-is-in-hiding-after-a-documentary-named-him-as-bitcoins-creator-2000514993"
"This must-try new horror game is the creepy love child of Silent Hill and Killer7,Giovanni Colantonio,2024-11-14T17:00:22Z,Digital Trends,https://www.digitaltrends.com/gaming/sorry-were-closed-hands-on-impressions/"
"Lomography’s new instant camera uses a glass lens for sharper photos,Andrew Liszewski,2024-10-23T16:26:18Z,The Verge,https://www.theverge.com/2024/10/23/24277617/lomography-lomo-instant-wide-glass-camera-photography-fujifilm-instax-wide"
"James Wan Has Some Killer Choices on His Essential Vampire Movie Watchlist,Cheryl Eddy,2024-10-29T21:40:36Z,Gizmodo.com,https://gizmodo.com/james-wan-best-vampire-movies-streaming-halloween-2000518183"
"Demi Moore Addresses Baring it All in 'The Substance,' Body Image & Struggling With Eating Disorder When She Was Younger",Just Jared,2024-11-14T16:50:14Z,Just Jared,https://www.justjared.com/2024/11/14/demi-moore-addresses-baring-it-all-in-the-substance-body-image-struggling-with-eating-disorder-when-she-was-younger/
"Funko’s War of the Rohirrim Pops Are Ready for a Sword Day, a Red Day,James Whitbrook,2024-11-06T17:00:32Z,Gizmodo.com,https://gizmodo.com/funko-war-of-the-rohirrim-pops-price-release-date-2000521109"
"European Film Awards: ‘Emilia Pérez’, ‘The Room Next Door’ Lead Nominations,Melanie Goodfellow,2024-11-05T10:17:53Z,Deadline,http://deadline.com/2024/11/european-film-awards-nominations-37th-2024-1236167495/"
"All The Saw Movies, Ranked From Worst To Best,Caroline Madden,2024-10-21T12:15:00Z,Kotaku,https://kotaku.com/saw-movies-ranked-in-order-how-many-horror-jigsaw-1851673838"
[Removed],,2024-11-11T18:24:00Z,[Removed],https://removed.com
"THE SUBSTANCE NSFW Behind-The-Scenes Photo Features Margaret Qualley as ""Monstro Eli-Sue""",MarkCassidy,2024-10-22T23:36:04Z,CBM (Comic Book Movie),https://comicbookmovie.com/horror/the-substance-nsfw-behind-the-scenes-photo-features-margaret-qualley-as-monstro-eli-sue-a214104
[Removed],,2024-10-25T12:00:41Z,[Removed],https://removed.com
"Alien: Romulus is Bringing Its Terror to VHS in December,Justin Carter,2024-10-20T16:25:57Z,Gizmodo.com,https://gizmodo.com/alien-romulus-vhs-release-2000514136"
"Stream It Or Skip It: ‘The Substance’ on Mubi and VOD, a New Body-Horror Classic Anchored by a Daring Demi Moore,mliss1578,2024-10-31T19:00:00Z,Decider,https://decider.com/2024/10/31/the-substance-mubi-streaming-movie-review/"
"The 'Dune: Prophecy' premiere ends with a shocking twist. Star Jihae breaks down Kasha's fate.,Caralynn Matassa,2024-11-18T03:05:01Z,Business Insider,https://www.businessinsider.com/kasha-death-dune-prophecy-jihae-interview-2024-11"
How to watch ‘The Substance’ for free just in time for Halloween,Angela Tricarico,2024-10-31T21:36:42Z,New York Post,https://nypost.com/2024/10/31/entertainment/how-to-watch-demi-moore-in-the-substance-for-free/
"Milla Jovovich Will Star in the Final George A. Romero Zombie Film, Twilight of the Dead,Germain Lussier,2024-11-01T22:00:39Z,Gizmodo.com,https://gizmodo.com/milla-jovovich-george-a-romero-twilight-of-the-dead-2000519768"
"'John Wick' at 10: Chad Stahelski and David Leitch on fighting for Keanu Reeves' beard and how Eva Longoria saved the movie,Jason Guerrasio,2024-10-21T12:25:02Z,Business Insider,https://www.businessinsider.com/john-wick-keanu-reeves-popularity-chad-stahelski-david-leitch-interview-2024-10"
"Golden Globes 2025: First Predictions With Movie Musicals, A-List Stars and Hit TV Shows Vying for Recognition,Clayton Davis,2024-11-01T23:50:00Z,Variety,https://variety.com/lists/2025-golden-globes-awards-predictions/"
Smile 2 Star Naomi Scott Got Her Start In The Best Disney Channel Original Movie You've Never Seen,staff@slashfilm.com (BJ Colangelo),2024-10-18T12:00:00Z,/FILM,https://www.slashfilm.com/1690672/naomi-scott-smile-2-star-best-disney-channel-original-movie-lemonade-mouth/
"Tom Holland has reportedly been cast in Christopher Nolan's next movie. Fans hope it will help him launch a career outside Marvel.,Ayomikun Adekaiyero,2024-10-22T12:30:30Z,Business Insider,https://www.businessinsider.com/tom-holland-cast-christopher-nolan-movie-career-marvel-spider-man-2024-10"
[Removed],,2024-11-11T00:34:00Z,[Removed],https://removed.com
Amber Tamblyn: I Had Cosmetic Surgery at 12,Arden Dier,2024-10-22T18:24:00Z,Newser,https://www.newser.com/story/358204/amber-tamblyn-i-had-cosmetic-surgery-at-12.html
"7 Terrifying Horror Games To Play After Silent Hill 2,Thomas Wilde,2024-10-30T17:30:00Z,Kotaku,https://kotaku.com/silent-hill-2-mouthwashing-signalis-crow-country-1851685412"
"Tourists flock to street used as a film set - and Airbnb row is 'final straw',,2024-10-28T00:03:48Z,BBC News,https://www.bbc.com/news/articles/c4glgp7lynwo"
"Denzel Washington Casually Announces He’ll Be in Black Panther 3,Isaiah Colbert,2024-11-12T15:45:09Z,Gizmodo.com,https://gizmodo.com/denzel-washington-marvel-mcu-black-panther-3-ryan-coogler-2000523551"
‘Nosferatu’ Steps Out From The Oscars Shadows [Contender Countdown],Gregory Ellwood,2024-11-13T19:39:29Z,Theplaylist.net,https://theplaylist.net/nosferatu-steps-out-from-the-oscars-shadows-20241113/
"Here’s How They Brought the Minecraft Movie to Life, Even If They Shouldn’t Have,Gordon Jackson,2024-11-18T19:48:01Z,Gizmodo.com,https://gizmodo.com/heres-how-they-brought-the-minecraft-movie-to-life-even-if-they-shouldnt-have-2000525950"
"Demi Moore's 'Cankle Crisis': 'The Substance' Star, 61, 'Focusing on Every Little Imperfection' — And Is 'Convinced Ankles are Flabby'",Lauren McIver,2024-11-08T21:25:06Z,Radaronline.com,https://radaronline.com/p/demi-moore-cankles-star-focusing-imperfection-convinced-ankles-flabby/
" https://www.forbes.com/sites/timlammers/"",2024-11-04T01:57:02Z,Forbes,https://www.forbes.com/sites/timlammers/2024/11/03/guillermo-del-toro-praises-demi-moores-body-horror-hit-the-substance/"
"20 interesting things you probably didn't know about the 'Scream' movies,""Andrew LaSane,Eammon Jacobs"",2024-10-31T15:47:10Z,Business Insider,https://www.businessinsider.com/scream-movies-cool-facts-you-may-not-know-2021-10"
THE SUBSTANCE Star Demi Moore Shares NSFW Elizabeth Sparkle Transformation Photos - SPOILERS,MarkCassidy,2024-11-02T13:20:17Z,CBM (Comic Book Movie),https://comicbookmovie.com/horror/the-substance-star-demi-moore-shares-nsfw-elizabeth-sparkle-transformation-photos---spoilers-a214259
"Demi Moore's Body Horror Thriller ‘The Substance’ Gets Streaming Date,""Tim Lammers, Contributor, "
"Black Ops 6’s Coolest Mission Shows It’s Time Call of Duty Left Modern Warfare Behind,Matt Purslow,2024-11-01T12:00:00Z,IGN,https://www.ign.com/articles/black-ops-6s-coolest-mission-shows-its-time-call-of-duty-left-modern-warfare-behind"
"European Film Awards Nominations: ‘Emilia Pérez,’ ‘The Substance,’ ‘The Room Next Door’ and More Up for Best Film,Ellise Shafer,2024-11-05T10:29:21Z,Variety,https://variety.com/2024/awards/global/european-film-awards-nominations-emilia-perez-the-substance-room-next-door-1236200859/"
"Where Do We Think Terrifier‘s Art the Clown Came From?,Germain Lussier,2024-10-29T20:15:31Z,Gizmodo.com,https://gizmodo.com/terrifier-art-the-clown-origin-story-horror-2000518044"
"‘The Substance’ Is Now Available to Watch at Home!,John Squires,2024-10-31T18:26:54Z,Bloody Disgusting,https://bloody-disgusting.com/movie/3837992/the-substance-is-now-available-to-watch-at-home/"
"How Hellbound’s Brutal Season Two Ending Keeps the Focus on Humanity,Kayti Burt,2024-10-25T19:12:50Z,Time,https://time.com/7098772/hellbound-season-2-ending-explained/"
"Demi Moore says close-up shot of her behind ‘bugs the s--- out of me’ in new movie,Caroline Thayer,2024-11-14T19:48:06Z,Fox News,https://www.foxnews.com/entertainment/demi-moore-says-close-up-shot-butt-bugs-s-t-out-new-movie"
Demi Moore's Body Horror Thriller ‘The Substance’ Gets Streaming Date,"Tim Lammers, Contributor, 
 Tim Lammers, Contributor
 https://www.forbes.com/sites/timlammers/",2024-10-24T16:02:06Z,Forbes,https://www.forbes.com/sites/timlammers/2024/10/24/demi-moores-body-horror-thriller-the-substance-gets-streaming-date/
"The Rey Movie Has Lost Its Writer (Again),James Whitbrook,2024-10-25T14:00:48Z,Gizmodo.com,https://gizmodo.com/star-wars-rey-movie-delay-steven-knight-lucasfilm-disney-2000516492"
"Redick comes clean about car wash film session,,2024-10-27T11:26:01Z,ESPN,https://www.espn.com/nba/story/_/id/42028849/lakers-coach-jj-redick-comes-clean-watching-game-film-car-wash"
"Review: The Substance Is A Powerful Parable That Pulls No Punches,Saibal Chatterjee,2024-10-31T03:06:24Z,NDTV News,https://www.ndtv.com/entertainment/the-substance-review-a-powerful-parable-that-pulls-no-punches-4-stars-6912499"
"The Substance streaming: Release date revealed, when and where to watch online,The Feed,2024-10-24T18:39:30Z,The Times of India,https://economictimes.indiatimes.com/news/international/us/the-substance-streaming-release-date-revealed-when-and-where-to-watch-online/articleshow/114558556.cms"
"Proposed Recycling Labels Are Misleading and Could Violate the Law, Experts Say,""Joseph Winters, Grist"",2024-10-24T13:30:03Z,Gizmodo.com,https://gizmodo.com/proposed-recycling-labels-are-misleading-and-could-violate-the-law-experts-say-2000515921"
"Apple secretly included quantum dot tech in the M4 MacBook Pro's display,Kris Holt,2024-11-15T17:34:24Z,Yahoo Entertainment,https://consent.yahoo.com/v2/collectConsent?sessionId=1_cc-session_72825322-6e56-4f1d-b58d-d363d6837f0d"
[Removed],,2024-11-08T13:18:03Z,[Removed],https://removed.com
"Rob Lowe Says Whole ‘St. Elmo’s Fire’ Cast Will Return for Sequel, Which Is Not ‘Just a Money Run’",Samantha Bergeson,2024-10-23T19:30:00Z,IndieWire,https://www.indiewire.com/news/general-news/rob-lowe-st-elmos-fire-cast-sequel-1235059387/
"'Disclaimer' has a shocking twist ending that centers on an intense sex scene. Star Leila George breaks down filming 2 very different versions of it.,Caralynn Matassa,2024-11-08T23:53:47Z,Business Insider,https://www.businessinsider.com/disclaimer-ending-explained-finale-sex-scenes-2024-11"
"10 Freaky Flicks to Stream on Peacock Tonight,Cheryl Eddy,2024-10-22T19:30:41Z,Gizmodo.com,https://gizmodo.com/10-freaky-flicks-to-stream-on-peacock-tonight-2000515133"
"An Unlikely Alien Species Returns in Star Wars: Skeleton Crew,Gordon Jackson,2024-10-22T13:00:36Z,Gizmodo.com,https://gizmodo.com/an-unlikely-alien-species-returns-in-star-wars-skeleton-crew-2000514855"
This Disgusting Demi Moore Movie Just Became A New Horror Classic,Evan E. Lambert,2024-10-21T16:00:46Z,Thoughtcatalog.com,https://thoughtcatalog.com/evan-lambert/2024/10/this-disgusting-demi-moore-movie-just-became-a-new-horror-classic/
"IndieWire 2024 Holiday Gift Guide: From Cookbooks to Card Games, All Film and TV Lovers Can Find Something to Cherish",Harrison Richlin,2024-11-14T15:00:37Z,IndieWire,https://www.indiewire.com/gallery/2024-holiday-gift-guide-film-tv-lovers/
"The Blair Witch Project Is Releasing a Version You’ve Never Seen Before,Cheryl Eddy,2024-11-12T00:00:06Z,Gizmodo.com,https://gizmodo.com/blair-witch-project-25th-anniversary-re-release-original-format-2000523297"
"'Trap' Is Now Streaming. Here's How to Watch From Anywhere,Meara Isenberg,2024-10-25T15:10:34Z,CNET,https://www.cnet.com/tech/services-and-software/trap-is-now-streaming-heres-how-to-watch-from-anywhere/"
"Today’s NYT ‘Connections’ Hints And Answers For Monday, November 11","Kris Holt, Contributor, 
 Kris Holt, Contributor
 https://www.forbes.com/sites/krisholt/",2024-11-10T22:30:00Z,Forbes,https://www.forbes.com/sites/krisholt/2024/11/10/nyt-connections-today-help-clues-hints-answers-monday-november-11-519/
"Stream Is a Scream,Cheryl Eddy,2024-10-24T20:40:52Z,Gizmodo.com,https://gizmodo.com/stream-horror-movie-review-terrifier-2000515851"
"Kevin Smith Has Ideas for Dogma 2, But Don’t Get Too Excited Yet,Cheryl Eddy,2024-11-18T18:45:18Z,Gizmodo.com,https://gizmodo.com/dogma-2-sequel-kevin-smith-update-2000525939"
"Tim Burton on his dinosaur collection and why the internet makes him depressed,,2024-10-24T07:26:34Z,BBC News,https://www.bbc.com/news/articles/c154gqxel1eo"
"Ralph Fiennes Spreads New Info About 28 Years Later,Justin Carter,2024-10-27T16:25:49Z,Gizmodo.com,https://gizmodo.com/28-years-later-ralph-fiennes-role-2000516943"
"Amazon Might Be Close to Finding Its New Lara Croft,Gordon Jackson,2024-10-30T13:00:41Z,Gizmodo.com,https://gizmodo.com/amazon-tomb-raider-tv-show-sophie-turner-lucy-boynton-lara-croft-2000518272"
"‘Emilia Pérez,’ ‘Seed of the Sacred Fig,’ ‘Room Next Door’ Lead European Film Award Nominations,Ryan Lattanzio,2024-11-05T13:56:30Z,IndieWire,https://www.indiewire.com/awards/results/european-film-award-nominations-led-emilia-perez-full-list-1235062983/"
"'John Wick' producers wanted an alternate ending where the puppy lived,Jason Guerrasio,2024-10-23T21:14:15Z,Business Insider,https://www.businessinsider.com/john-wick-producers-wanted-alternate-ending-puppy-lived-2024-10"
"Kevin Feige Still Wants Us To Believe Blade Is Coming To The MCU,Keith Nelson Jr,2024-11-12T19:50:00Z,Kotaku,https://kotaku.com/marvel-kevin-feige-mcu-blade-1851696307"
5 cult body horror films to watch after The Substance,James Greig,2024-10-23T10:24:00Z,Dazed,https://www.dazeddigital.com/film-tv/article/64918/1/5-cult-body-horrors-to-watch-halloween-the-substance-the-fly-titane-videodrome?utm_source=Link&utm_medium=Link&utm_campaign=RSSFeed&utm_term=5-cult-body-horror-films-to-watch-after-the-substance
Gotham Awards Announce 2024 Nominees,tillychar,2024-10-29T18:00:45Z,Livejournal.com,https://ohnotheydidnt.livejournal.com/129455029.html
"‘The Substance’ Set To Soar Past $70M+: How MUBI Fueled Demi Moore’s Comeback At The Global Box Office,anthonypauldalessandro,2024-11-17T22:25:26Z,Deadline,http://deadline.com/2024/11/the-substance-box-office-demi-moore-1236178368/"
‘Anora’ Is the Hero Gothams Need,Joe Reid,2024-10-30T20:45:02Z,Vulture,http://www.vulture.com/article/anora-gotham-awards-movies-league-newsletter.html
